PRAGMA foreign_keys=OFF;
BEGIN TRANSACTION;
CREATE TABLE blocks (
  height integer not null,
  hash text primary key not null,
  prev_block_hash text,
  transactions_hash text not null,
  created_at datetime not null,
  consensus_estimation_ms integer not null,
  view_change_index integer
);
INSERT INTO blocks VALUES(31,'1F40FB8D1A71B35080009E71B249D23C1C8B95F7300562008D9CEAB01B56084F','50DBD080CA5208FA1157843887605BADA04FF64E09E99D46B59C7E6E72B4CCC5','3D148DDAAAFE8D162CC645E522EEE3476E06C85CBB4ECE5DFF9FA59BC6320CAF','2024-08-23T06:39:54.684Z',4000,0);
INSERT INTO blocks VALUES(30,'50DBD080CA5208FA1157843887605BADA04FF64E09E99D46B59C7E6E72B4CCC5','77294A19F05BA86D335831002347245718E114092ADE540CB9515C9F79833E17','0A2A93029617DC3263927522A8B7FA19D7EE755FC5A60A647AE23DFF20338511','2024-08-23T06:10:57.572Z',4000,0);
INSERT INTO blocks VALUES(29,'77294A19F05BA86D335831002347245718E114092ADE540CB9515C9F79833E17','E2810838FC7E4AFE90D49FA474E0373ABB4B84B5D66F79F8CCFC43E08F87F93D','ADB385203DE50417057C0C31EF6E1083A153C8E1CE8FAC477E3AE15D01552419','2024-08-23T06:10:55.567Z',4000,0);
INSERT INTO blocks VALUES(28,'E2810838FC7E4AFE90D49FA474E0373ABB4B84B5D66F79F8CCFC43E08F87F93D','0CD3A7BEF23C36E181EDCCB50E2180EED42FCBEC61B3A03A93E2C7AE1C06287B','8BDB3696D3C030F14462DE32B75F7F5F38CFCA21F1E9B4ABB1E2431DDF0B040D','2024-08-23T06:10:36.777Z',4000,0);
INSERT INTO blocks VALUES(27,'0CD3A7BEF23C36E181EDCCB50E2180EED42FCBEC61B3A03A93E2C7AE1C06287B','4F3D247EF92C876414BBC6914BA4D449524F8562BF4DCDD59976DBEF5BE40859','A8F92A1EE40C08FDFFB2B8DA6E3E864F84373DCAF65F17B143EA19D5A0D531F7','2024-08-23T06:10:34.768Z',4000,0);
INSERT INTO blocks VALUES(26,'4F3D247EF92C876414BBC6914BA4D449524F8562BF4DCDD59976DBEF5BE40859','F62BA67B9D6C5F80DE8638EB58FF18617AB33200042895159865917F5EB30DC7','06DB25368E247773FE4ED6A1C005154CF2D8925E6D3F1B45C163BBD8A2512253','2024-08-23T06:10:20.697Z',4000,0);
INSERT INTO blocks VALUES(25,'F62BA67B9D6C5F80DE8638EB58FF18617AB33200042895159865917F5EB30DC7','AFB066B12F0864A7B0064BDEAFE72342EDAEC228B61A34C9F4AD3490B1D97C73','938CB9C5DCF6B0F76F41959787774A7490093ECB570AD583C8C50D795CB2820D','2024-08-22T07:44:11.856Z',4000,0);
INSERT INTO blocks VALUES(24,'AFB066B12F0864A7B0064BDEAFE72342EDAEC228B61A34C9F4AD3490B1D97C73','1800C9610BB7BA28DD714715B4300576152BE46B32D99644AB3B8B9AC7360D8B','3ADFCFCC78DAD755158D030FBE52448DBBD8774C62EF0577F7C501DAAE674FF5','2024-08-22T07:44:09.843Z',4000,0);
INSERT INTO blocks VALUES(23,'1800C9610BB7BA28DD714715B4300576152BE46B32D99644AB3B8B9AC7360D8B','045A86AD59AFAB69C0BB69A0C745136649BEEBABA6E3C5B345465044089AED4F','160892AB8F3A04DD72A191B1CC948A5718D1DFCC349FEBFCEF01878F84FB4D4F','2024-08-22T07:44:07.830Z',4000,0);
INSERT INTO blocks VALUES(22,'045A86AD59AFAB69C0BB69A0C745136649BEEBABA6E3C5B345465044089AED4F','DDBED680AFE7B13FD6A2CA57AB3EC671B0548C359E5BC49715C30BD685A5EFBB','75BE64813886C708498A58C26D0005FEFF56D6A6513267705EBD13FC8A0E9461','2024-08-22T07:20:52.955Z',4000,0);
INSERT INTO blocks VALUES(21,'DDBED680AFE7B13FD6A2CA57AB3EC671B0548C359E5BC49715C30BD685A5EFBB','E6DD1219A9AD97917E72EFCAFAABB03372164DEC6589D87C4208BC9178DCC0FD','894243E773F8D910B69F93BFADF9A2FC48CC45B25C4F0108EE5A5DD0056AB43D','2024-08-22T07:20:50.943Z',4000,0);
INSERT INTO blocks VALUES(20,'E6DD1219A9AD97917E72EFCAFAABB03372164DEC6589D87C4208BC9178DCC0FD','503469E032CB256F9C3E45B8DC5F2C43A9B6850ADB20FAC009F433B91BC77E83','60E5174507AEFDA9DE1F3B03B16ACA4EBBCD23588C5C48A3A7FA1A4F1EDC09B3','2024-08-22T07:20:48.924Z',4000,0);
INSERT INTO blocks VALUES(19,'503469E032CB256F9C3E45B8DC5F2C43A9B6850ADB20FAC009F433B91BC77E83','F39C3BCEAAC346A51814F1F0F422A79FF7A0A567759E742484DAFDF4C403C3B7','CD5B7382A187F1533643FDA2682DEA70245A30C460A9406252890A5B6D69910D','2024-08-22T07:20:46.909Z',4000,0);
INSERT INTO blocks VALUES(18,'F39C3BCEAAC346A51814F1F0F422A79FF7A0A567759E742484DAFDF4C403C3B7','B473142F4AA294B0D263C30DD8FE3A3AC069C6F5F0FDA69FC5EF408952F3B27B','52EB838BD5DEB8C25170B98E38E0A0908CE1270F6B41B3B3104288120511A5DF','2024-08-22T07:20:44.891Z',4000,0);
INSERT INTO blocks VALUES(17,'B473142F4AA294B0D263C30DD8FE3A3AC069C6F5F0FDA69FC5EF408952F3B27B','E4FFED5F8947A02E80E117ECAA71817F714B1AFDB4E38AABC44260517AAD7E21','2BED1757985323752FD76EA391D540E67DA5BFE62AAD83B8A5FA7BC98E93C6CD','2024-08-22T07:20:42.875Z',4000,0);
INSERT INTO blocks VALUES(16,'E4FFED5F8947A02E80E117ECAA71817F714B1AFDB4E38AABC44260517AAD7E21','47BB21BC0C46BA41D77AB1286DBE0D5F52FA30BE0B5C80DE77EE7DA035BA95B1','E816E15B4487FD2221CB1C0C70927B607F15E7CD62ECDE3A5515EA582F7822C7','2024-08-22T07:20:40.863Z',4000,0);
INSERT INTO blocks VALUES(15,'47BB21BC0C46BA41D77AB1286DBE0D5F52FA30BE0B5C80DE77EE7DA035BA95B1','9EAE6E63A006A7CA500B49A4890B3A6D61DA2500D59E21AB66242AC4DC8E110D','0B2DA5C3CDC3A1804FC795F30E4123841676FFC1D597B9CEA10BF6B3920C1295','2024-08-20T04:43:06.644Z',4000,0);
INSERT INTO blocks VALUES(14,'9EAE6E63A006A7CA500B49A4890B3A6D61DA2500D59E21AB66242AC4DC8E110D','096C35A64DA056C8226C5C58672840F41B133FA5997967137A617DB93FB84229','0EA08E919A9C97BC97DA35218C30AFBF93C4B773A4260F591866C43D810393FF','2024-08-20T04:43:04.639Z',4000,0);
INSERT INTO blocks VALUES(13,'096C35A64DA056C8226C5C58672840F41B133FA5997967137A617DB93FB84229','84105038574F8A8962FAA344474021E32758E9DCD5A629E02B2F8EC36CC6864F','54E2C1E467C6700ECCED905E861CE3CF83547235B7F7264BF92565BB350B11EF','2024-08-20T04:43:02.622Z',4000,0);
INSERT INTO blocks VALUES(12,'84105038574F8A8962FAA344474021E32758E9DCD5A629E02B2F8EC36CC6864F','368C657D37A2EBAC11D32C18C11057525AED58C649651C7FC2F063C37295A3EF','31450F1A0080C0D3537A6AE91F37DD0FD88B7E071B00A4DA4C6470870138CC0B','2024-08-20T04:43:00.604Z',4000,0);
INSERT INTO blocks VALUES(11,'368C657D37A2EBAC11D32C18C11057525AED58C649651C7FC2F063C37295A3EF','6624E2E72B76DDD4D317CA70D66A0030AC07F92EC0545BBD3BB323EBD7EE721F','6338F6B534F5C2CC39F07CB2353E3435660FF03A63E3CE395D262A897222861F','2024-08-20T04:42:58.584Z',4000,0);
INSERT INTO blocks VALUES(10,'6624E2E72B76DDD4D317CA70D66A0030AC07F92EC0545BBD3BB323EBD7EE721F','5BEA846D7B575187E5C2C01F10248D537ACABAE671C1BCF72345AE33EB87AFB1','3D2AECB137BA029305EF0FF42C5DCE044D0DCE8A145C887E6E33CB1DDBFAA82F','2024-08-20T04:42:56.566Z',4000,0);
INSERT INTO blocks VALUES(9,'5BEA846D7B575187E5C2C01F10248D537ACABAE671C1BCF72345AE33EB87AFB1','6AFC1CDFF62AA5DB3E62CB0B80A9F026FCED33F41287855DBE1496E7AC4CCA53','C6CA4A7A88FC367B222895B0BF3DC34FE61BA7288AAAE941FB62845BFEDF257B','2024-08-20T04:42:54.554Z',4000,0);
INSERT INTO blocks VALUES(8,'6AFC1CDFF62AA5DB3E62CB0B80A9F026FCED33F41287855DBE1496E7AC4CCA53','46EC7F7828F3EA6D7510B89759A1FD322683E7D66B3337203D12CE03ED17F285','2D3441A574E626092A09C8D66D87AF49004ABFBA770BAC330C7169D2B8BFC9BD','2024-08-20T04:42:45.129Z',4000,0);
INSERT INTO blocks VALUES(7,'46EC7F7828F3EA6D7510B89759A1FD322683E7D66B3337203D12CE03ED17F285','7A26E56BC143DB3761802CE69F1C9880D8606537C7570654C82B37425B776F9D','E3C22CF613C46CBE5CF0B3911A580E3C5187C07456BC34AAD9CABC1AF6DF105D','2024-08-20T04:42:25.835Z',4000,0);
INSERT INTO blocks VALUES(6,'7A26E56BC143DB3761802CE69F1C9880D8606537C7570654C82B37425B776F9D','D84B251961FDA6C1C84A111804F46B16EA2627E9941C53C1ED7535E5AED75161','4D09D214E2EB4834AF34F5A9C71966AB4DFB6F6CC1365116778D5BD0E5026145','2024-08-20T04:42:23.828Z',4000,0);
INSERT INTO blocks VALUES(5,'D84B251961FDA6C1C84A111804F46B16EA2627E9941C53C1ED7535E5AED75161','FD98F73308F887EFD6E1DF6FB33D828D79A538168C0F67DED69BDFD439D9F113','B53D8D553757F36083C7A3097B09AEC9C87E3E3B65BAD6C459ED0F65CC654C09','2024-08-20T04:26:27.294Z',4000,0);
INSERT INTO blocks VALUES(4,'FD98F73308F887EFD6E1DF6FB33D828D79A538168C0F67DED69BDFD439D9F113','E7ADEE9A2EE1998173D40009B994401DC6319990D0AFB8026D5A6B0107D85093','6664CDF8057B5908244FEA256809A877E43F373CD88F13485303CAA47A1C9513','2024-08-20T04:26:25.237Z',4000,0);
INSERT INTO blocks VALUES(3,'E7ADEE9A2EE1998173D40009B994401DC6319990D0AFB8026D5A6B0107D85093','457AD3C765C18B4F6640F25D7B7AC247C4F24D7D7E44A1CDF44F709491128FE5','B978918C41D24DCF07344A285F0805D0FF03629492C072843154CD17D41402C3','2024-08-20T04:09:29.366Z',4000,0);
INSERT INTO blocks VALUES(2,'457AD3C765C18B4F6640F25D7B7AC247C4F24D7D7E44A1CDF44F709491128FE5','B8D9EC9FD017099DB3A5BA0512F013369A2A583C9BC34F8685FB07999D22D3D9','1287D85E46CDD376B3DD53339CB0409796A9F077839C55DB3B04D8D40BB4FADD','2024-08-20T04:09:27.356Z',4000,0);
INSERT INTO blocks VALUES(1,'B8D9EC9FD017099DB3A5BA0512F013369A2A583C9BC34F8685FB07999D22D3D9',NULL,'D8E8AEAA30BE57F1BC9E50AE7A849241DD182B9460E929862128DF56315F08AB','2024-08-20T04:05:19.831Z',0,0);
CREATE TABLE domains (
  name text primary key not null,
  logo text,
  metadata json
);
INSERT INTO domains VALUES('genesis',NULL,'{}');
INSERT INTO domains VALUES('looking_glass',NULL,'{"foo":{"bar":false}}');
INSERT INTO domains VALUES('wonderland',NULL,'{"rand-0.017721154702588615":[0,1,2,0.017721154702588615],"rand-0.020200223781197124":[0,1,2,0.020200223781197124],"rand-0.03441745058755785":[0,1,2,0.03441745058755785],"rand-0.04289285694192424":[0,1,2,0.04289285694192424],"rand-0.044178036851183045":[0,1,2,0.044178036851183045],"rand-0.06079530243620579":[0,1,2,0.06079530243620579],"rand-0.07695861116084934":[0,1,2,0.07695861116084934],"rand-0.09207617921678812":[0,1,2,0.09207617921678812],"rand-0.09849365116372044":[0,1,2,0.09849365116372044],"rand-0.20500368076506859":[0,1,2,0.2050036807650686],"rand-0.3074449283156384":[0,1,2,0.3074449283156384],"rand-0.3206375763444502":[0,1,2,0.3206375763444502],"rand-0.3600142490642375":[0,1,2,0.3600142490642375],"rand-0.37681028464586297":[0,1,2,0.37681028464586297],"rand-0.4440998383138679":[0,1,2,0.4440998383138679],"rand-0.4766493273647987":[0,1,2,0.4766493273647987],"rand-0.4783456989326693":[0,1,2,0.4783456989326693],"rand-0.6061387635418998":[0,1,2,0.6061387635418998],"rand-0.6510832908118287":[0,1,2,0.6510832908118287],"rand-0.6527802241020448":[0,1,2,0.6527802241020448],"rand-0.685873702320261":[0,1,2,0.685873702320261],"rand-0.7277316605623749":[0,1,2,0.7277316605623749],"rand-0.9157371210513827":[0,1,2,0.9157371210513828],"rand-0.9401911702459926":[0,1,2,0.9401911702459926],"rand-0.9671915791750052":[0,1,2,0.9671915791750052]}');
CREATE TABLE accounts (
  signatory text not null,
  domain text not null references domains(name),
  metadata json,
  primary key (signatory, domain)
);
INSERT INTO accounts VALUES('ed01204164BF554923ECE1FD412D241036D863A6AE430476C898248B8237D77534CFC4','genesis','{}');
INSERT INTO accounts VALUES('e70121037287D2200EE4CAF41A9EA2D4B33C9D4FA441FABF44CF09F5D441AB301A4EA64D','looking_glass','{"key_pair_alg":"secp256k1","key_pair_seed_hex":"deadbeef"}');
INSERT INTO accounts VALUES('ed0120B23E14F659B91736AAB980B6ADDCE4B1DB8A138AB0267E049C082A744471714E','wonderland','{}');
CREATE TABLE domain_owners (
  account_signatory text not null,
  account_domain text not null,
  domain text not null references domains(name),
  foreign key (account_signatory, account_domain) references accounts(signatory, domain),
  primary key (account_signatory, account_domain, domain)
);
INSERT INTO domain_owners VALUES('ed01204164BF554923ECE1FD412D241036D863A6AE430476C898248B8237D77534CFC4','genesis','genesis');
INSERT INTO domain_owners VALUES('ed0120B23E14F659B91736AAB980B6ADDCE4B1DB8A138AB0267E049C082A744471714E','wonderland','looking_glass');
INSERT INTO domain_owners VALUES('ed0120B23E14F659B91736AAB980B6ADDCE4B1DB8A138AB0267E049C082A744471714E','wonderland','wonderland');
CREATE TABLE asset_definitions (
  name text not null,
  domain text not null references domains(name),
  owned_by_signatory text not null,
  owned_by_domain text not null,
  logo text,
  metadata json,
  mintable text check (mintable in ('Once', 'Not', 'Infinitely')) not null,
  type text check (type in ('Numeric', 'Store')) not null,
  primary key (name, domain)
  foreign key (owned_by_signatory, owned_by_domain) references accounts(signatory, domain)
);
INSERT INTO asset_definitions VALUES('roses','looking_glass','ed0120B23E14F659B91736AAB980B6ADDCE4B1DB8A138AB0267E049C082A744471714E','wonderland',NULL,'{}','Infinitely','Store');
INSERT INTO asset_definitions VALUES('coin','wonderland','ed0120B23E14F659B91736AAB980B6ADDCE4B1DB8A138AB0267E049C082A744471714E','wonderland',NULL,'{}','Infinitely','Numeric');
INSERT INTO asset_definitions VALUES('roses','wonderland','ed0120B23E14F659B91736AAB980B6ADDCE4B1DB8A138AB0267E049C082A744471714E','wonderland',NULL,'{}','Not','Numeric');
CREATE TABLE assets (
  definition_name text not null,
  definition_domain text not null,
  owned_by_signatory text not null,  
  owned_by_domain text not null,
  value json not null,
  foreign key (definition_name, definition_domain) references asset_definitions(name, domain),
  foreign key (owned_by_signatory, owned_by_domain) references accounts(signatory, domain),
  primary key (definition_name, definition_domain, owned_by_signatory, owned_by_domain)
);
INSERT INTO assets VALUES('coin','wonderland','e70121037287D2200EE4CAF41A9EA2D4B33C9D4FA441FABF44CF09F5D441AB301A4EA64D','looking_glass','{"value":"708","kind":"Numeric"}');
INSERT INTO assets VALUES('roses','wonderland','e70121037287D2200EE4CAF41A9EA2D4B33C9D4FA441FABF44CF09F5D441AB301A4EA64D','looking_glass','{"value":"100500","kind":"Numeric"}');
INSERT INTO assets VALUES('coin','wonderland','ed0120B23E14F659B91736AAB980B6ADDCE4B1DB8A138AB0267E049C082A744471714E','wonderland','{"value":"4456","kind":"Numeric"}');
CREATE TABLE transactions (
  hash text primary key not null,
  block_hash text not null references blocks(hash),
  created_at datetime not null,
  authority_signatory text not null,
  authority_domain text not null,
  signature text not null,
  nonce integer,
  metadata json,
  time_to_live_ms integer,
  executable text check (executable in ('Instructions', 'WASM')) not null,
  error json,
  foreign key (authority_signatory, authority_domain) references accounts(signatory, domain)
);
INSERT INTO transactions VALUES('E122AAACEF2D95D0CD406DA50BB89BB3D021A6A5E099C3BCB238417294EBC261','B8D9EC9FD017099DB3A5BA0512F013369A2A583C9BC34F8685FB07999D22D3D9','2024-08-20T04:05:19.831Z','ed01204164BF554923ECE1FD412D241036D863A6AE430476C898248B8237D77534CFC4','genesis','7785F7AEAD49F1488FF429B9A25327B58BAE198B26ECCDF8FA377C2CA47BFD15353B93934AD0A4A8C4D824DD519C82F08E5FBC44C7E2F321532BBD65673F8B02',NULL,NULL,NULL,'Instructions',NULL);
INSERT INTO transactions VALUES('370E49A0A665040204E4F415B10B90E4485CF00C42856D9338E66D3AB82D7EC1','B8D9EC9FD017099DB3A5BA0512F013369A2A583C9BC34F8685FB07999D22D3D9','2024-08-20T04:05:19.833Z','ed01204164BF554923ECE1FD412D241036D863A6AE430476C898248B8237D77534CFC4','genesis','3A0BACE58CB01FADB5781D8EB3D5C171B901675EC03DFC43C060709B6E6F0AFC99036A4F60323A83641ED2368FF7E2A98C5E39C85F19CB0D3A39F0CDDC566105',NULL,NULL,NULL,'Instructions',NULL);
INSERT INTO transactions VALUES('FEB8439BB540200AC065F76095B2C0C584CC0FB4CF0B5D681B68DA1B725D88DD','B8D9EC9FD017099DB3A5BA0512F013369A2A583C9BC34F8685FB07999D22D3D9','2024-08-20T04:05:19.833Z','ed01204164BF554923ECE1FD412D241036D863A6AE430476C898248B8237D77534CFC4','genesis','E209ABCB9AADEAD282B77E57F980A8C6420B561E62B9567539669AF437CFD9696B741DBCA390BBDA63DD262EBE84D8ADF36FA4E0D03733B90247D75D1ACD630D',NULL,NULL,NULL,'Instructions',NULL);
INSERT INTO transactions VALUES('8045A9525D6DA9666E01146B07BF9A907C8EAF6CF8827B248CDB34284CDBCCB3','457AD3C765C18B4F6640F25D7B7AC247C4F24D7D7E44A1CDF44F709491128FE5','2024-08-20T04:09:26.012Z','ed0120B23E14F659B91736AAB980B6ADDCE4B1DB8A138AB0267E049C082A744471714E','wonderland','6DBD6DB36253ACA2051E0973352A6E12F4E46261733588D64116211E98C642EF57D2D1AA3EEF569C3CCFFA67A4164BA5D1E552025D8D6E1A8367DDA736B0A80E',NULL,NULL,NULL,'Instructions',NULL);
INSERT INTO transactions VALUES('CD7993C0EE6E06A89DC5DFCCB2746D3751027135C12599F8C7F19E948EA13347','E7ADEE9A2EE1998173D40009B994401DC6319990D0AFB8026D5A6B0107D85093','2024-08-20T04:09:27.918Z','ed0120B23E14F659B91736AAB980B6ADDCE4B1DB8A138AB0267E049C082A744471714E','wonderland','1875B99C9D8E63BB2DAEDA858443378403AC396E756BA220D9FB35C8725E733C9DCC4548A1102952C859BF76A343180F8E3E8C92A0EA429DB69F18189CF9040E',NULL,NULL,NULL,'Instructions',NULL);
INSERT INTO transactions VALUES('B9235FCE1D4C4192328E19CCF924E532827C55BA2D2CDC6C1C70E791A08A6283','FD98F73308F887EFD6E1DF6FB33D828D79A538168C0F67DED69BDFD439D9F113','2024-08-20T04:26:23.946Z','ed0120B23E14F659B91736AAB980B6ADDCE4B1DB8A138AB0267E049C082A744471714E','wonderland','35E3AA196B45C89DEAF7A3F1EF52DF59F5ABE11D5CF89B4B4BB0ACCE2936E9F36D85E68DD56F29EFD135BF4BE820EB9098EBE4AF669B0C8E04B4389C9C8CED08',NULL,NULL,NULL,'Instructions',NULL);
INSERT INTO transactions VALUES('92EC163E46BCB1043EF8ABE3D4153DBB6ACEB8A7585815438E93EF1B6020BB13','D84B251961FDA6C1C84A111804F46B16EA2627E9941C53C1ED7535E5AED75161','2024-08-20T04:26:23.958Z','ed0120B23E14F659B91736AAB980B6ADDCE4B1DB8A138AB0267E049C082A744471714E','wonderland','EAA70D36BED462ACD8D1C48A44AA505896291B29F3B04E5FFE3C6DD3F17B039AAA7C53D8E3FEE0BD8593FACFBF57F3C3FC54A59C08915B391868109D75B8390A',NULL,NULL,NULL,'Instructions',NULL);
INSERT INTO transactions VALUES('16FBA34C8A14EB4C82F2CA10AAC6D5A7F92A24AFAF66E47C69FDE964BDB9B3E1','D84B251961FDA6C1C84A111804F46B16EA2627E9941C53C1ED7535E5AED75161','2024-08-20T04:26:23.962Z','ed0120B23E14F659B91736AAB980B6ADDCE4B1DB8A138AB0267E049C082A744471714E','wonderland','6CA0CE443620DCC5AD50538E068286C45E8A3F49ED78A956DE28D03B8D003B1D6A234400A793FCA450D34AE3ECB3216417768E48D7FA204F0882420EA8DD2A0A',NULL,NULL,NULL,'Instructions',NULL);
INSERT INTO transactions VALUES('AC5E48DC3C9B124C425BC2F8EF06815F2F414134D529A4A8838B4C68A36AFF11','D84B251961FDA6C1C84A111804F46B16EA2627E9941C53C1ED7535E5AED75161','2024-08-20T04:26:23.964Z','ed0120B23E14F659B91736AAB980B6ADDCE4B1DB8A138AB0267E049C082A744471714E','wonderland','C4D7811EFF56C2B3E09CFFBEF5D8F61690E0256943F0EBF27D9E68185ED4DFEAB0C978970E8F6A3D2CA6D58EE3C486B9F3D2CCA1CE94CC560E1828BF7F93BC0A',NULL,NULL,NULL,'Instructions',NULL);
INSERT INTO transactions VALUES('F76E231F1A2A07BA67BF831EC921C0D7CA834B95C37A8B6AF3DEABD133259021','D84B251961FDA6C1C84A111804F46B16EA2627E9941C53C1ED7535E5AED75161','2024-08-20T04:26:23.969Z','ed0120B23E14F659B91736AAB980B6ADDCE4B1DB8A138AB0267E049C082A744471714E','wonderland','EA82690B4EC94EA641FDF5E719C425EA4E46F5DD84AC8B32BFC8DCFA53A434B27E391ADFC2CF455FF9B9B31490957E45D2A640BCFDD541E0022761396C72C50E',NULL,NULL,NULL,'Instructions',NULL);
INSERT INTO transactions VALUES('DE4635E4D3B195889BE6833EE6CB8DB98252A8F3D625850C8DA87FA02731E0B5','D84B251961FDA6C1C84A111804F46B16EA2627E9941C53C1ED7535E5AED75161','2024-08-20T04:26:23.966Z','ed0120B23E14F659B91736AAB980B6ADDCE4B1DB8A138AB0267E049C082A744471714E','wonderland','6D65072A54E1A70104D3D896A55A2B18F1CCBC9C9A798B9FEA48FE5DDA46A7C1008B00A7579823319BB88024007143AF0BF94DA44ED14A900E81A20D7CD4580E',NULL,NULL,NULL,'Instructions',NULL);
INSERT INTO transactions VALUES('B2D7AFAD663658225353CE9E6B76A337EA6C54667CD6A6FA6A90358B93002A55','D84B251961FDA6C1C84A111804F46B16EA2627E9941C53C1ED7535E5AED75161','2024-08-20T04:26:23.965Z','ed0120B23E14F659B91736AAB980B6ADDCE4B1DB8A138AB0267E049C082A744471714E','wonderland','0F013787A4F59A7CF6BEBD657FA4CFF6B100D18ADDFAE0424D336C4E26FED1183F8AA8E198945DCC70C088CA583F9E374260C1D51CE3F60FA952E0A26036090C',NULL,NULL,NULL,'Instructions',NULL);
INSERT INTO transactions VALUES('50CC2599FF4CB4A9A2E2DBCF9C22ACF1817261614A40738D5A3F6C936A47FD2B','D84B251961FDA6C1C84A111804F46B16EA2627E9941C53C1ED7535E5AED75161','2024-08-20T04:26:23.967Z','ed0120B23E14F659B91736AAB980B6ADDCE4B1DB8A138AB0267E049C082A744471714E','wonderland','A81BF829B79053AF20EC17631469E37DCDD325432E569A8379EC812F2698F9E093B869842C523D319072508DEC226D5E06C36A9DD2EE82B8F2FAB4818A3C070E',NULL,NULL,NULL,'Instructions',NULL);
INSERT INTO transactions VALUES('E82A4B7F3ED933520F39E8D62D2A880713C996706D1C7D79B48C44C2150A2075','D84B251961FDA6C1C84A111804F46B16EA2627E9941C53C1ED7535E5AED75161','2024-08-20T04:26:23.968Z','ed0120B23E14F659B91736AAB980B6ADDCE4B1DB8A138AB0267E049C082A744471714E','wonderland','36C4D21DFF8587B418CEBFC50B384033E4E9B971B40F033680B0A60DFC4AEED8C04BDBA2D94C1B75CD7AF9964C10A99F679001621E6499427B3FF88B9540CC09',NULL,NULL,NULL,'Instructions',NULL);
INSERT INTO transactions VALUES('269264C53A14A9C1B24B50A0BE4D5A4B86E4D13958586EA2E2D676D0E877DC35','D84B251961FDA6C1C84A111804F46B16EA2627E9941C53C1ED7535E5AED75161','2024-08-20T04:26:23.970Z','ed0120B23E14F659B91736AAB980B6ADDCE4B1DB8A138AB0267E049C082A744471714E','wonderland','C0D8D58A50BADA1940E3EF9054299F9B6D3142F3513B32F8C34364D4A09E42D2D50760AC51D7DFD733E3BF3DC322BF2EB91D1A487EC102140428C530BEE38A0C',NULL,NULL,NULL,'Instructions',NULL);
INSERT INTO transactions VALUES('66CD15886B390BAEA5D1839E4D41C0E3531C869783C8E5D0185B634761B650F9','D84B251961FDA6C1C84A111804F46B16EA2627E9941C53C1ED7535E5AED75161','2024-08-20T04:26:23.972Z','ed0120B23E14F659B91736AAB980B6ADDCE4B1DB8A138AB0267E049C082A744471714E','wonderland','D017E6A580A6B2C75C3E1DB8B6E183ADC79AFDD92127921530BE8FFE1434F1C9083A96ED6B79CE97CA7EE3683ACF04E242AEA7DEDBD4912B69804FC1C6ECA006',NULL,NULL,NULL,'Instructions',NULL);
INSERT INTO transactions VALUES('CB84F0D81287C6F8D0A8E8FC2213EB0EE74F543FC890AF0F7D241E1878A902BF','D84B251961FDA6C1C84A111804F46B16EA2627E9941C53C1ED7535E5AED75161','2024-08-20T04:26:23.972Z','ed0120B23E14F659B91736AAB980B6ADDCE4B1DB8A138AB0267E049C082A744471714E','wonderland','AA747990318609C4404ADC4CE80663C472AB329DCD6B79744732AB2590C8ABE4A250BA98B46B607FFEB34738A80CCB9BE362D545C77355954C899F431A4A9F0E',NULL,NULL,NULL,'Instructions',NULL);
INSERT INTO transactions VALUES('A0E0F9BEE6C95D89D7B8C51EF795DBCF8F41F543431094399F94EC15E6180193','D84B251961FDA6C1C84A111804F46B16EA2627E9941C53C1ED7535E5AED75161','2024-08-20T04:26:23.971Z','ed0120B23E14F659B91736AAB980B6ADDCE4B1DB8A138AB0267E049C082A744471714E','wonderland','431965216F26E2DEED0722ABE8D973A436B8B698A17654EBF785CFE90A0B5C4B22EF78FF8730E04490FE4538CFB7FC3CCA449B0F794369631C5E295616E1AF08',NULL,NULL,NULL,'Instructions',NULL);
INSERT INTO transactions VALUES('338B81C7156CE023E3A1E81945A879E59C1A60124B8379DD9B37AF649D12A84D','D84B251961FDA6C1C84A111804F46B16EA2627E9941C53C1ED7535E5AED75161','2024-08-20T04:26:23.973Z','ed0120B23E14F659B91736AAB980B6ADDCE4B1DB8A138AB0267E049C082A744471714E','wonderland','CAAFA73C481E4FE5010D6B523BCFD7A25C8B5B12B6E04A96BBD5E1ECAEBA82D7C35E6CD7F48204E490EA46775F8485164B1E9E45392109210BA463C045EC0C08',NULL,NULL,NULL,'Instructions',NULL);
INSERT INTO transactions VALUES('A1B6A1CFC573D209FC2804935E5D00D84646E35C71DFA70FF7A96B048AD585A1','D84B251961FDA6C1C84A111804F46B16EA2627E9941C53C1ED7535E5AED75161','2024-08-20T04:26:23.976Z','ed0120B23E14F659B91736AAB980B6ADDCE4B1DB8A138AB0267E049C082A744471714E','wonderland','1C010EA35127941656F548D3484783BAE6FD991C979F864415A75CBDEC18382246E81242490F0A792B9395416D0925286514BDCD16694DBC23F123B64492310B',NULL,NULL,NULL,'Instructions',NULL);
INSERT INTO transactions VALUES('E641365B67ECD6A40D859F58DB37CF60DD5871C34EC4B51535BC78C397216A5D','D84B251961FDA6C1C84A111804F46B16EA2627E9941C53C1ED7535E5AED75161','2024-08-20T04:26:23.975Z','ed0120B23E14F659B91736AAB980B6ADDCE4B1DB8A138AB0267E049C082A744471714E','wonderland','791BACDD87FC960EF13619EE8302157B5068093AE400DA40365CF77AAABE1E48FCCE7E82DBC4C42804197C891CDA37C492B7C71D360FB210615C5FFBD2469F09',NULL,NULL,NULL,'Instructions',NULL);
INSERT INTO transactions VALUES('9030DB3263049253DE478251DDD8DB67C4500A3E59E4E6B6E05A565BA9508A5F','D84B251961FDA6C1C84A111804F46B16EA2627E9941C53C1ED7535E5AED75161','2024-08-20T04:26:23.977Z','ed0120B23E14F659B91736AAB980B6ADDCE4B1DB8A138AB0267E049C082A744471714E','wonderland','4714F367F87FC9F26CCF4E4190EF425C7484277DFB2F1F05E95949AAF0A720FBF5BC4D2FB32E33BAA3D37A852C0184C1F98EB2794E3B3A1F46F35A665A52240C',NULL,NULL,NULL,'Instructions',NULL);
INSERT INTO transactions VALUES('B45BC7B998F0234EC33840F8A4E22B63FC4E5BB51CFF6A6AA32E5B9505FA95F5','D84B251961FDA6C1C84A111804F46B16EA2627E9941C53C1ED7535E5AED75161','2024-08-20T04:26:23.976Z','ed0120B23E14F659B91736AAB980B6ADDCE4B1DB8A138AB0267E049C082A744471714E','wonderland','FEC68768F436FE7184911E52E1680792A54CD450C275C0E8D3FB66B61BD97E23C6FB9BD1A5DD5C446ECC50D1E6FDB283E57D86A614DD0BBE2D2C70B5FB3F5201',NULL,NULL,NULL,'Instructions',NULL);
INSERT INTO transactions VALUES('68A4A4AB30F1069E92682D7A5601215B96D64E4E1FCA5CD3FE3C97D58978C7FB','D84B251961FDA6C1C84A111804F46B16EA2627E9941C53C1ED7535E5AED75161','2024-08-20T04:26:23.977Z','ed0120B23E14F659B91736AAB980B6ADDCE4B1DB8A138AB0267E049C082A744471714E','wonderland','679AA4A3C3FE99193F66C530B559D9AAE88A65162C364A26023C2D02F74132BF921DF6561C01DD3C3DE89DAD4BC9DB1B407D1106118DB34F216805776644C505',NULL,NULL,NULL,'Instructions',NULL);
INSERT INTO transactions VALUES('C241F57F790916C4DAB5BF51878D6A3B343239B1B4B416ED6FA0D9FD53B65FB5','D84B251961FDA6C1C84A111804F46B16EA2627E9941C53C1ED7535E5AED75161','2024-08-20T04:26:23.978Z','ed0120B23E14F659B91736AAB980B6ADDCE4B1DB8A138AB0267E049C082A744471714E','wonderland','F69A72A2AD8FA4E12EADD892846AE720A719FE9D78BCECE640385F0636FD18FE269D5957FF25E99B429E58ECF14D45803B8E3735E8818E4DEE1F3FA4D9C7B400',NULL,NULL,NULL,'Instructions',NULL);
INSERT INTO transactions VALUES('A65BB4AF086018F76079E86B40030045F9FD115E1A60452045E3C06B3BECE7D3','D84B251961FDA6C1C84A111804F46B16EA2627E9941C53C1ED7535E5AED75161','2024-08-20T04:26:23.974Z','ed0120B23E14F659B91736AAB980B6ADDCE4B1DB8A138AB0267E049C082A744471714E','wonderland','B4E397406519DF71B8E0E53577C86F110D5F0F012665D9FD387F5BF925FB538688D5B8B3B3F7D7E67A37E4DF3FDB8F560EEB1803DCEC3B7C01ABB116C14AEB08',NULL,NULL,NULL,'Instructions',NULL);
INSERT INTO transactions VALUES('F77772357AA948ED1A9785C48944E158100297753D4EFD9599FA4ECBE27322AB','D84B251961FDA6C1C84A111804F46B16EA2627E9941C53C1ED7535E5AED75161','2024-08-20T04:26:23.973Z','ed0120B23E14F659B91736AAB980B6ADDCE4B1DB8A138AB0267E049C082A744471714E','wonderland','3CBD83F46F7B3AE8BB13867FC92DB1A86CAEA792584C43F94E33FF6851004918B228D0AB4B3237AF7171CE0DA2DF6B7573E5349DF8E30A9AA651F5F70600B302',NULL,NULL,NULL,'Instructions',NULL);
INSERT INTO transactions VALUES('F0C52E2EE6E80781AF3DB00F57EB0B36743151D0E7EA7DE112903108B8CFB565','D84B251961FDA6C1C84A111804F46B16EA2627E9941C53C1ED7535E5AED75161','2024-08-20T04:26:23.979Z','ed0120B23E14F659B91736AAB980B6ADDCE4B1DB8A138AB0267E049C082A744471714E','wonderland','55087F90B85506261B1DEFCD7FF02D4C50012D91D72AFD7903F43F0008F9F7F1AFF07C271B415B45038BA7CC39605A4F463795EE6598ED9C7507DBECC50FC803',NULL,NULL,NULL,'Instructions',NULL);
INSERT INTO transactions VALUES('92ECE0611ECA798A3FB29A7EBCA442308C9C8C0A624574743DC6516712842609','D84B251961FDA6C1C84A111804F46B16EA2627E9941C53C1ED7535E5AED75161','2024-08-20T04:26:23.980Z','ed0120B23E14F659B91736AAB980B6ADDCE4B1DB8A138AB0267E049C082A744471714E','wonderland','C301F9E3447102844C5DAA762D4F7273613975F0ABA3F77C538C3D580185516001D4EE8946D3D319997DD2970A9F2E9E40E01E9A6B1EE363CB4B70F1336B4A0E',NULL,NULL,NULL,'Instructions',NULL);
INSERT INTO transactions VALUES('574D6C5D4BFB439244E5AD8CFB30BBA60DF04287BEB93F20C3349187F86B5E5B','D84B251961FDA6C1C84A111804F46B16EA2627E9941C53C1ED7535E5AED75161','2024-08-20T04:26:23.978Z','ed0120B23E14F659B91736AAB980B6ADDCE4B1DB8A138AB0267E049C082A744471714E','wonderland','6D71BBC688109864FCA7FC896C809D88FD1F650169502EA7538BD884781A2E25694D96253DC877673D7FD20ABC8BCB4762EE0231F0E3D8375897E7BBD0B5CF03',NULL,NULL,NULL,'Instructions',NULL);
INSERT INTO transactions VALUES('A0EF46BDB7FF9364ACD34081CDFA7013E8391341615C867D095559F6FB36D231','7A26E56BC143DB3761802CE69F1C9880D8606537C7570654C82B37425B776F9D','2024-08-20T04:42:22.535Z','ed0120B23E14F659B91736AAB980B6ADDCE4B1DB8A138AB0267E049C082A744471714E','wonderland','1CEBD0F1C268E254FAC9BBAD606F529686A1B06A18D5665C77C394B74BC6E4B4DC4D8002D2F94D8396541544FC2D31642EF4F67C1928A7D5699D40201AF9BA07',NULL,NULL,NULL,'Instructions',NULL);
INSERT INTO transactions VALUES('8AC6005F036F3940367DECA6F6D4442B0FB1551027C63F2D38D8B98ED6D25A93','46EC7F7828F3EA6D7510B89759A1FD322683E7D66B3337203D12CE03ED17F285','2024-08-20T04:42:24.217Z','ed0120B23E14F659B91736AAB980B6ADDCE4B1DB8A138AB0267E049C082A744471714E','wonderland','9A7EF24B98F7D58C6AA2ABFC0B201A5A966CD6E272AFE288890DEB47E0308241F0A7654AA51460C0F529051E71500A4B067BA9744DBA199BCD6E32B4B567920A',NULL,NULL,NULL,'Instructions','{"Validation":{"InstructionFailed":{"Find":{"Asset":"coin#wonderland#e70121037287D2200EE4CAF41A9EA2D4B33C9D4FA441FABF44CF09F5D441AB301A4EA64D@looking_glass"}}}}');
INSERT INTO transactions VALUES('B21428BFA355CF882DA795A56B26D95CC7088748854B50641A3ADC6E88160691','6AFC1CDFF62AA5DB3E62CB0B80A9F026FCED33F41287855DBE1496E7AC4CCA53','2024-08-20T04:42:43.767Z','ed0120B23E14F659B91736AAB980B6ADDCE4B1DB8A138AB0267E049C082A744471714E','wonderland','E85FA22D6E812DD2DFD5582D70C268706E0ED30179783560E4AAD8FC6E920A391859CEA524861576F89FEE8C23FF195626477EC43CB69142ED6E794D71234601',NULL,NULL,NULL,'Instructions','{"Validation":{"InstructionFailed":{"Repetition":{"id":{"AssetDefinitionId":"coin#wonderland"},"instruction":"Register"}}}}');
INSERT INTO transactions VALUES('4A103715E9096B05A07B5EDEB021DD1B3CA4DAF8D9D27A8418AE816A8F70AA75','5BEA846D7B575187E5C2C01F10248D537ACABAE671C1BCF72345AE33EB87AFB1','2024-08-20T04:42:53.913Z','ed0120B23E14F659B91736AAB980B6ADDCE4B1DB8A138AB0267E049C082A744471714E','wonderland','EEABDEEDC87267A4B8313A0B14F28417DC5BB34CF99AF7A711D4638773AC77632BD45F3E925A481CF8243842A192E28B536805B77C0B20A99FF3505EF5F00008',NULL,NULL,NULL,'Instructions','{"Validation":{"InstructionFailed":{"Find":{"Asset":"coin#wonderland#e70121037287D2200EE4CAF41A9EA2D4B33C9D4FA441FABF44CF09F5D441AB301A4EA64D@looking_glass"}}}}');
INSERT INTO transactions VALUES('7D35F8A234A36945710BE1232EA7E27256462CEB060489885E7131145EE174B7','6624E2E72B76DDD4D317CA70D66A0030AC07F92EC0545BBD3BB323EBD7EE721F','2024-08-20T04:42:54.651Z','ed0120B23E14F659B91736AAB980B6ADDCE4B1DB8A138AB0267E049C082A744471714E','wonderland','9DAB8DA7892C1D077775ACD2C0CE917EE5016565E8F785A73F04CCF398D156EA0F913071A86C5582A40D5DEFB1B04F1AAE27F678B210CF35C98D4D63EE54D90F',NULL,NULL,NULL,'Instructions','{"Validation":{"InstructionFailed":{"Find":{"Asset":"coin#wonderland#e70121037287D2200EE4CAF41A9EA2D4B33C9D4FA441FABF44CF09F5D441AB301A4EA64D@looking_glass"}}}}');
INSERT INTO transactions VALUES('ACE134B11B11F6F7BC91C004721412456F920C77E18A54F917A863A574D65BD9','6624E2E72B76DDD4D317CA70D66A0030AC07F92EC0545BBD3BB323EBD7EE721F','2024-08-20T04:42:55.294Z','ed0120B23E14F659B91736AAB980B6ADDCE4B1DB8A138AB0267E049C082A744471714E','wonderland','9E0582E7ACDDDE98A998B9180829276BFCCF25282048E73E8C61C02D6107BB01BE8D992693CDB9B6C561FAEBBA9011D23194986C72576CC90E23CC440D8A5F03',NULL,NULL,NULL,'Instructions','{"Validation":{"InstructionFailed":{"Find":{"Asset":"coin#wonderland#e70121037287D2200EE4CAF41A9EA2D4B33C9D4FA441FABF44CF09F5D441AB301A4EA64D@looking_glass"}}}}');
INSERT INTO transactions VALUES('087E80512E6AE362B767413F60A1C7A3520B8FE0684B1D1E2802B488D97EDF31','6624E2E72B76DDD4D317CA70D66A0030AC07F92EC0545BBD3BB323EBD7EE721F','2024-08-20T04:42:55.620Z','ed0120B23E14F659B91736AAB980B6ADDCE4B1DB8A138AB0267E049C082A744471714E','wonderland','3A5ECEF20A86CD0BEB945F4DF357AFEA9F094AADCD19E6D157D6452C3AFDC127C053C3A968A96DD0CD5A12A709752339BEBBAEF3865832882B10A9710B718602',NULL,NULL,NULL,'Instructions',NULL);
INSERT INTO transactions VALUES('10873C925733656317C3DEC9902460D2D128D50373BBF37224E76EE9DCED39D3','6624E2E72B76DDD4D317CA70D66A0030AC07F92EC0545BBD3BB323EBD7EE721F','2024-08-20T04:42:55.934Z','ed0120B23E14F659B91736AAB980B6ADDCE4B1DB8A138AB0267E049C082A744471714E','wonderland','5E22B254D05BB78D646E1F5AD9DC955384EC9BC9919ADBC7D6B3B87C9184AB6044D8F863E5FFADA3B870839D42DB855DE3224135E0CCFF903B58969876332A06',NULL,NULL,NULL,'Instructions',NULL);
INSERT INTO transactions VALUES('84DF65CE625F0D85049E4BD288C6B8D037951D1CDC338D45FB10EF58AF3188AF','6624E2E72B76DDD4D317CA70D66A0030AC07F92EC0545BBD3BB323EBD7EE721F','2024-08-20T04:42:56.269Z','ed0120B23E14F659B91736AAB980B6ADDCE4B1DB8A138AB0267E049C082A744471714E','wonderland','06276B4B42C67028AF7811DDAC8F5ACC21796394ADFAF05393A264437E9E6807F833CEB8513079008362373225C244338A305440DD45670D532C3EF13D76700F',NULL,NULL,NULL,'Instructions',NULL);
INSERT INTO transactions VALUES('A8352CC4F3E8259D6FD5EB4FEDA70AF75A095509EFDB51E4ED558C2EE163142B','368C657D37A2EBAC11D32C18C11057525AED58C649651C7FC2F063C37295A3EF','2024-08-20T04:42:56.593Z','ed0120B23E14F659B91736AAB980B6ADDCE4B1DB8A138AB0267E049C082A744471714E','wonderland','52F5E24DDF06F19F53A325D0E69D115BA383C4288657453C6B9E3E0F684F7E835AD35735377743F3A8F860B275C0722D9BE57FE47BCB0A6814E709F239678509',NULL,NULL,NULL,'Instructions','{"Validation":{"InstructionFailed":{"Math":"NotEnoughQuantity"}}}');
INSERT INTO transactions VALUES('9094218220EE70B8CE0C155489BD751A1A1DE4F82BBE65DC1A8527E76F65EAED','368C657D37A2EBAC11D32C18C11057525AED58C649651C7FC2F063C37295A3EF','2024-08-20T04:42:56.914Z','ed0120B23E14F659B91736AAB980B6ADDCE4B1DB8A138AB0267E049C082A744471714E','wonderland','F171C2E3F3C316226A94DA6D70B75C3FB5D0BD131E74BE5F92D6C5D9503B3AA2FB6BB568C4F4F4E27EA367E2FD714B254A61123D2916CECDFBCAF2C64453C104',NULL,NULL,NULL,'Instructions','{"Validation":{"InstructionFailed":{"Math":"NotEnoughQuantity"}}}');
INSERT INTO transactions VALUES('4119D656695A15041D7D501646D801C85765703C0742FB081052138A69AFD7DD','368C657D37A2EBAC11D32C18C11057525AED58C649651C7FC2F063C37295A3EF','2024-08-20T04:42:57.232Z','ed0120B23E14F659B91736AAB980B6ADDCE4B1DB8A138AB0267E049C082A744471714E','wonderland','BE514D0CE58375B0524D011C790C2E90EB56C18BA1AC33B31B1B92C57C2D2057DC18CADB90899458325379DF2BDF33AD051E8A315FAE5C197D93D00E38BF7101',NULL,NULL,NULL,'Instructions','{"Validation":{"InstructionFailed":{"Math":"NotEnoughQuantity"}}}');
INSERT INTO transactions VALUES('F27D6561B7BEDC06179C47353E2B272329DAFED08CF2D581F05B0C84A837098D','368C657D37A2EBAC11D32C18C11057525AED58C649651C7FC2F063C37295A3EF','2024-08-20T04:42:57.598Z','ed0120B23E14F659B91736AAB980B6ADDCE4B1DB8A138AB0267E049C082A744471714E','wonderland','D0055B282888D45AE44CF86D814DD23FB6370F004EDDC8F394023EE5116C88B2C0D6A6E08D59E74F8BB48E7246B2BC92CB819A5780C315C780EB443B4D0B1305',NULL,NULL,NULL,'Instructions','{"Validation":{"InstructionFailed":{"Math":"NotEnoughQuantity"}}}');
INSERT INTO transactions VALUES('D4864F3DAF58A30E99E9196C700A52906DCFD051F6099F74F325FBC6616D27EB','368C657D37A2EBAC11D32C18C11057525AED58C649651C7FC2F063C37295A3EF','2024-08-20T04:42:57.919Z','ed0120B23E14F659B91736AAB980B6ADDCE4B1DB8A138AB0267E049C082A744471714E','wonderland','414C509B66F8435A29B60233A747D859A81D5ACBE09928075E3C812011E7481CE734C770E395F6C17D4872BBE244106370DEF7F7728DCD124C5C9E8994F46F0D',NULL,NULL,NULL,'Instructions','{"Validation":{"InstructionFailed":{"Math":"NotEnoughQuantity"}}}');
INSERT INTO transactions VALUES('89E4D06E84DA3835010EF1A5A4E607697B7AB79D32E5146F2BE53240B26672E3','368C657D37A2EBAC11D32C18C11057525AED58C649651C7FC2F063C37295A3EF','2024-08-20T04:42:58.235Z','ed0120B23E14F659B91736AAB980B6ADDCE4B1DB8A138AB0267E049C082A744471714E','wonderland','97B28223F244FC2CD3E816CAD4BAD57C2201ED00985F7E226DACF91B33C4252E51BE3DD04F6143037ADA4839450BB99683E0E87B7E74CE157171E7D05AFD9E09',NULL,NULL,NULL,'Instructions','{"Validation":{"InstructionFailed":{"Math":"NotEnoughQuantity"}}}');
INSERT INTO transactions VALUES('ED3A291367B28542699BE77C082C35400167906806AB8FCEECB67702742773F3','84105038574F8A8962FAA344474021E32758E9DCD5A629E02B2F8EC36CC6864F','2024-08-20T04:42:58.570Z','ed0120B23E14F659B91736AAB980B6ADDCE4B1DB8A138AB0267E049C082A744471714E','wonderland','D7FF0F91281C3F0A351187CDDF29F551C433EC76F161DE7DE913E41A67C9C0E5801EDEE93E114E17076C542667E4DD671215B8E410FFC663CA01897717B49A0B',NULL,NULL,NULL,'Instructions',NULL);
INSERT INTO transactions VALUES('1A6EB34EF5327E4F6F3DC20ED05AF3DCF268CF735F1A230930C8359CBB882865','84105038574F8A8962FAA344474021E32758E9DCD5A629E02B2F8EC36CC6864F','2024-08-20T04:42:58.948Z','ed0120B23E14F659B91736AAB980B6ADDCE4B1DB8A138AB0267E049C082A744471714E','wonderland','F462338545C7751DA566BFAE2D1AD46EBC54F72359DB04B7C2F18DEC4110E810287DA237E0B239FE03EA7D9772920390B49D72E301EEA991633587C53120150F',NULL,NULL,NULL,'Instructions','{"Validation":{"InstructionFailed":{"Math":"NotEnoughQuantity"}}}');
INSERT INTO transactions VALUES('03D50EAB9EAA6CBF81B2234ABC461A0174929FB91132A20F973921074F12F195','84105038574F8A8962FAA344474021E32758E9DCD5A629E02B2F8EC36CC6864F','2024-08-20T04:42:59.273Z','ed0120B23E14F659B91736AAB980B6ADDCE4B1DB8A138AB0267E049C082A744471714E','wonderland','5D02EEF18B3030E11E1D84A533EF320402442BD3BDA645CD64021CD543620BD7ACF66D7BFDC280CC1328F3668050BFCB512025A6163245C7104732FAEF51CA00',NULL,NULL,NULL,'Instructions','{"Validation":{"InstructionFailed":{"Math":"NotEnoughQuantity"}}}');
INSERT INTO transactions VALUES('747F6B00FAB4506E09A7927F3E85572F7A70B9AA3F51FAB1275892998E9047C5','84105038574F8A8962FAA344474021E32758E9DCD5A629E02B2F8EC36CC6864F','2024-08-20T04:42:59.592Z','ed0120B23E14F659B91736AAB980B6ADDCE4B1DB8A138AB0267E049C082A744471714E','wonderland','AF6C2315DD275F3FC109BB34E32F61ECB4B86057665242C9F17CFDF3D5FEBF5FE69925054EFBE31E89371FBEC2C0D001067227A17425BFB69FBC961009E4A109',NULL,NULL,NULL,'Instructions','{"Validation":{"InstructionFailed":{"Math":"NotEnoughQuantity"}}}');
INSERT INTO transactions VALUES('F5BE071BC224DA7309833C03B92E1460CDEBF21EC577F0A1EEAF8E33F1C89F63','84105038574F8A8962FAA344474021E32758E9DCD5A629E02B2F8EC36CC6864F','2024-08-20T04:42:59.923Z','ed0120B23E14F659B91736AAB980B6ADDCE4B1DB8A138AB0267E049C082A744471714E','wonderland','75E9FAFD9647FBFF9C0EEF745320A0B1233F188B1A15782BFFC345157F60334B6BF9790B4E2876454C3A949733A80FBE8EA094F4E65D36CBAC0E0644A39B3704',NULL,NULL,NULL,'Instructions','{"Validation":{"InstructionFailed":{"Math":"NotEnoughQuantity"}}}');
INSERT INTO transactions VALUES('48CB7591D93B1D7CB9C92CBF8A12555A78A2FB2909F33A07F9E08E46AA3B40EF','096C35A64DA056C8226C5C58672840F41B133FA5997967137A617DB93FB84229','2024-08-20T04:43:00.243Z','ed0120B23E14F659B91736AAB980B6ADDCE4B1DB8A138AB0267E049C082A744471714E','wonderland','BAFEC3A5E6023A33BA1BBF7FE175E6639C1FF355A56CDE448255388CB7FCDEA266DB049C21E08FAC3C378857D9B35927363B7E9A1F9D73995EB0B2FDFFD6B306',NULL,NULL,NULL,'Instructions',NULL);
INSERT INTO transactions VALUES('8296D37FEF1B555DF4AE90DA8A70B289252D8DFC2F105F0DFA811E1515F572F9','096C35A64DA056C8226C5C58672840F41B133FA5997967137A617DB93FB84229','2024-08-20T04:43:00.744Z','ed0120B23E14F659B91736AAB980B6ADDCE4B1DB8A138AB0267E049C082A744471714E','wonderland','4F70E3560DD5135BDCA370DD9CB582786714BD5C8DDB2FC6B79F720FE2669E3668D9166ADD584F050ADD3CFF81F4D029113896051665ABFAE29CE63914644307',NULL,NULL,NULL,'Instructions','{"Validation":{"InstructionFailed":{"Math":"NotEnoughQuantity"}}}');
INSERT INTO transactions VALUES('AC266705A7CA50CA8F2F3E0581B9B8070ECC90517D641A5AA0E4B776E55395F9','096C35A64DA056C8226C5C58672840F41B133FA5997967137A617DB93FB84229','2024-08-20T04:43:01.100Z','ed0120B23E14F659B91736AAB980B6ADDCE4B1DB8A138AB0267E049C082A744471714E','wonderland','0B7E5E4F3F91E04324579CD1553B36326EF0370AA332EF90592435A54C1148CFF0113360872CEFB8148D843A256D22B5DA13AEA8B15993FEDC6567764EFCF905',NULL,NULL,NULL,'Instructions',NULL);
INSERT INTO transactions VALUES('8797ACAE8246F92A8E671F406C42B793306C9FD1297FFD0E022E0464241DEE6B','096C35A64DA056C8226C5C58672840F41B133FA5997967137A617DB93FB84229','2024-08-20T04:43:01.436Z','ed0120B23E14F659B91736AAB980B6ADDCE4B1DB8A138AB0267E049C082A744471714E','wonderland','6FD9534423B64D44C51580F1BA2FB6A6240BD050FB0B625B8380F8FD233D1410E18841E2D31A1BF6EE7DF2EEECBDF0C2EDB25FE2A9BDEA3EAFD3F05D30C0C003',NULL,NULL,NULL,'Instructions',NULL);
INSERT INTO transactions VALUES('1FCBE43BC05CFB0A6DA50FA94D817AFDB0AFFD59DB5C7C42E936797DE2497C57','096C35A64DA056C8226C5C58672840F41B133FA5997967137A617DB93FB84229','2024-08-20T04:43:01.815Z','ed0120B23E14F659B91736AAB980B6ADDCE4B1DB8A138AB0267E049C082A744471714E','wonderland','C8B1C463DB2E479A683E6DDA429CB107376B7EC939FAF6447E958FE553F3657750DEC5EB12DD279F5BD2FC1B0EE5EEF3D6987A1ADA667AC2176039DE4D9E3707',NULL,NULL,NULL,'Instructions',NULL);
INSERT INTO transactions VALUES('19DE1DA6C3CCF98E6C2FE7C561D7F358CC66A50300B55BFA37B2E033A619DCC7','096C35A64DA056C8226C5C58672840F41B133FA5997967137A617DB93FB84229','2024-08-20T04:43:02.144Z','ed0120B23E14F659B91736AAB980B6ADDCE4B1DB8A138AB0267E049C082A744471714E','wonderland','24F4E61F6ACD72D834C372BA35AE5CBB32A193DB944725461651A0FA1019E9EA243821426EB09A76AD7C3611CD7881D1C610CFBE395F366C96960D5C4A810D03',NULL,NULL,NULL,'Instructions',NULL);
INSERT INTO transactions VALUES('084B0AC7E1F233BA28789C303A73E5B5CDBD7E1A834B00DEABF4D28C11887E79','9EAE6E63A006A7CA500B49A4890B3A6D61DA2500D59E21AB66242AC4DC8E110D','2024-08-20T04:43:02.460Z','ed0120B23E14F659B91736AAB980B6ADDCE4B1DB8A138AB0267E049C082A744471714E','wonderland','BFE1CBCF81ACD1406813036CAF4AF6009779345BA09815C1F211DB467C7A823CEF0E99BAFA96B853ADA453DB313EC1C7F40304549526456A114553D1B508DB04',NULL,NULL,NULL,'Instructions','{"Validation":{"InstructionFailed":{"Math":"NotEnoughQuantity"}}}');
INSERT INTO transactions VALUES('CF49F8098F3749E325BB2695A1B1886F302B7B67F2CE7821D96E656E445A665D','9EAE6E63A006A7CA500B49A4890B3A6D61DA2500D59E21AB66242AC4DC8E110D','2024-08-20T04:43:02.840Z','ed0120B23E14F659B91736AAB980B6ADDCE4B1DB8A138AB0267E049C082A744471714E','wonderland','B27877205453ECE4556CD5E17EE8FAEAEA05F6619FE532EB3B0BB0EB8A3FB668A99873EA46E8EC304C6769EBE8EF1F5D1B0EB7161CA4F0622DA7097F6627AD00',NULL,NULL,NULL,'Instructions',NULL);
INSERT INTO transactions VALUES('68FF9634F3C35A7C006D2D2E0CD458EE1878FC24D4330FAF4C5209964E3C1439','9EAE6E63A006A7CA500B49A4890B3A6D61DA2500D59E21AB66242AC4DC8E110D','2024-08-20T04:43:03.171Z','ed0120B23E14F659B91736AAB980B6ADDCE4B1DB8A138AB0267E049C082A744471714E','wonderland','0900831696FB8D453481B64678DABAB184F391A6249D24CC89ECF2C7171A4E00DBD7E8AC8954D524DB271ACD562D9C0CD1C3AB707F60679DE088BB7CDF604208',NULL,NULL,NULL,'Instructions',NULL);
INSERT INTO transactions VALUES('015AC9577E779FCE8684FC376CB5249C725A592DDE12A7516D37532F83DFB67B','9EAE6E63A006A7CA500B49A4890B3A6D61DA2500D59E21AB66242AC4DC8E110D','2024-08-20T04:43:03.491Z','ed0120B23E14F659B91736AAB980B6ADDCE4B1DB8A138AB0267E049C082A744471714E','wonderland','5E915BD36426A5F7A71D3F8047B94A6877A3D51FE5F039CB621E593C617BC45E235BE71C525033B5699D8C7B95099A5367C681CFDE99DABA70C3614FB3D18308',NULL,NULL,NULL,'Instructions',NULL);
INSERT INTO transactions VALUES('E0BC487E2F60BB4A3C032844C08E5B4A803AF496A75D4157F9B19920717FB985','9EAE6E63A006A7CA500B49A4890B3A6D61DA2500D59E21AB66242AC4DC8E110D','2024-08-20T04:43:03.864Z','ed0120B23E14F659B91736AAB980B6ADDCE4B1DB8A138AB0267E049C082A744471714E','wonderland','0EED96A8B3C1A5302001567372029CB605F9C5EACF33139EEE41606075D74B071C26AE2E0F6FFDE39A4628035391BD70C79B97DF1C41AEBC348BC2C1EBD05502',NULL,NULL,NULL,'Instructions',NULL);
INSERT INTO transactions VALUES('51C16B9ACB7183ECC344A97F4A936F31B64C431F2A93C3045A1797752DD7CC3D','9EAE6E63A006A7CA500B49A4890B3A6D61DA2500D59E21AB66242AC4DC8E110D','2024-08-20T04:43:04.274Z','ed0120B23E14F659B91736AAB980B6ADDCE4B1DB8A138AB0267E049C082A744471714E','wonderland','536F352818B60E0D335ED8CED6E5DE5A9AA0E8A9A5570040AD2BA2737862DC29D029ECFCAAFC1476752B2EE7EAA7BF3C5BB51D0BE1B5849D79D125AF251EC30C',NULL,NULL,NULL,'Instructions',NULL);
INSERT INTO transactions VALUES('26EA802F4FFC731F007BCFC32A02CC2303BCACF791E0A86AFFAE5E15D2301C19','47BB21BC0C46BA41D77AB1286DBE0D5F52FA30BE0B5C80DE77EE7DA035BA95B1','2024-08-20T04:43:04.601Z','ed0120B23E14F659B91736AAB980B6ADDCE4B1DB8A138AB0267E049C082A744471714E','wonderland','1D7663FE90D3F3B121B2B8992709210F0B1E61B947286AAE92C12DF0A156FF00A9F0873CF03A7A13A81B3C45985445343CBFBA9B5931FF88BC16A483DEE8E203',NULL,NULL,NULL,'Instructions',NULL);
INSERT INTO transactions VALUES('9174EA81EB1F5E48F25BEFE112E3CE346C55F3CCC0106486AF5AA19BD00F30A7','E4FFED5F8947A02E80E117ECAA71817F714B1AFDB4E38AABC44260517AAD7E21','2024-08-22T07:20:40.231Z','ed0120B23E14F659B91736AAB980B6ADDCE4B1DB8A138AB0267E049C082A744471714E','wonderland','E4316BD2BE03A235AB26E3FAA835D5BD513FA085995C8346D953E3531EEA74FF688A2A0502D5AF82AEC0AB79860E34146605BF007E6E2AFFF31DCFC8B8B64802',NULL,NULL,NULL,'Instructions',NULL);
INSERT INTO transactions VALUES('90B65D7C96B4B3B504D64010EC22188F314B4563AAE71BBBDD62842C41CE2DAF','B473142F4AA294B0D263C30DD8FE3A3AC069C6F5F0FDA69FC5EF408952F3B27B','2024-08-22T07:20:40.906Z','ed0120B23E14F659B91736AAB980B6ADDCE4B1DB8A138AB0267E049C082A744471714E','wonderland','21D3E1673CDD663DBF8F36CE9645FBB292E3867AD2AF5240501033551C7AC646D448D1B0612E24D6D433A3BB48E4E255CE2B2C484B240CF36063812FF5292804',NULL,NULL,NULL,'Instructions',NULL);
INSERT INTO transactions VALUES('BD3D7F63350D9B2FBDCB076756A2663D96C5777EAC6E5B6A07250C8AC4F3D49F','B473142F4AA294B0D263C30DD8FE3A3AC069C6F5F0FDA69FC5EF408952F3B27B','2024-08-22T07:20:41.669Z','ed0120B23E14F659B91736AAB980B6ADDCE4B1DB8A138AB0267E049C082A744471714E','wonderland','D5CC0864C6ACD30063982407B2869F338AEC3FDE143F27FCECC25301EC60C22E105C6D3589E92A3A45F14F64BA2F0BF819F0952EC3D443B24526EC99098A1A0B',NULL,NULL,NULL,'Instructions',NULL);
INSERT INTO transactions VALUES('ECF48BFC193AAB817C736286A3880B47B6DEFF0DA0F51B39C51FD75FAC74A3A5','B473142F4AA294B0D263C30DD8FE3A3AC069C6F5F0FDA69FC5EF408952F3B27B','2024-08-22T07:20:42.028Z','ed0120B23E14F659B91736AAB980B6ADDCE4B1DB8A138AB0267E049C082A744471714E','wonderland','E8DA51C7B40D99C978E29777FE936CC9B177EED17A8849B890462F6AFB33B30477D6429B57B44C2FAE4F2CFB892FA7615CA4ED027DE7D9CACBD2EBAAA18ABA0B',NULL,NULL,NULL,'Instructions','{"Validation":{"InstructionFailed":{"Math":"NotEnoughQuantity"}}}');
INSERT INTO transactions VALUES('0990277D93FB82F2A11181EF844C7A0D0D1F0ADE021C270CC06DA0B88C483DFF','B473142F4AA294B0D263C30DD8FE3A3AC069C6F5F0FDA69FC5EF408952F3B27B','2024-08-22T07:20:42.488Z','ed0120B23E14F659B91736AAB980B6ADDCE4B1DB8A138AB0267E049C082A744471714E','wonderland','76A576428A72E3128EDFE8DF4F4F4BC9F3E4B72883128F2DCA5951D9FB5A1AF05ADC72A5BB5D7B3FD27CCB2564DE723E34284BF7F986F5AD4868D02F36325706',NULL,NULL,NULL,'Instructions','{"Validation":{"InstructionFailed":{"Math":"NotEnoughQuantity"}}}');
INSERT INTO transactions VALUES('ACF59763B3E94882ABB843B7B8F4A3569373C6F02403A332E6D4D2E20C4AE68B','F39C3BCEAAC346A51814F1F0F422A79FF7A0A567759E742484DAFDF4C403C3B7','2024-08-22T07:20:42.900Z','ed0120B23E14F659B91736AAB980B6ADDCE4B1DB8A138AB0267E049C082A744471714E','wonderland','60B439833B0C749BC37EF7D53B6A8C56A4B917588131C3E366AE7F7061DCDAC84ACD51356018AB8278F95F99DB5908447206F25E4B76E4A5EB341DA7225EE70C',NULL,NULL,NULL,'Instructions',NULL);
INSERT INTO transactions VALUES('D6F416BC61C738A5FDAFF515CED900D554698C5B0704B8D6579F297E01BA11C7','F39C3BCEAAC346A51814F1F0F422A79FF7A0A567759E742484DAFDF4C403C3B7','2024-08-22T07:20:43.308Z','ed0120B23E14F659B91736AAB980B6ADDCE4B1DB8A138AB0267E049C082A744471714E','wonderland','F0E2BC5F6BB53B89D067FC424788145B2021483A12CD303AFBA7CA463C543A9756028931446F5D4FA8CB7144B231539220700EF5E9B875ECE9560F5F82F5EF02',NULL,NULL,NULL,'Instructions',NULL);
INSERT INTO transactions VALUES('4E9A04DEC841A55BFC8A0C2AEC6D403479EDDA6E03DCB316FD14E3A4A6335363','F39C3BCEAAC346A51814F1F0F422A79FF7A0A567759E742484DAFDF4C403C3B7','2024-08-22T07:20:43.634Z','ed0120B23E14F659B91736AAB980B6ADDCE4B1DB8A138AB0267E049C082A744471714E','wonderland','46A974CE95C8390C711DC695D3A9C2C8285652F0DD002E07F738E2934BF6F3806D399B20E0F08BA25C5D91766FD61AA9D8D3735BBB76B8FC40CA5B6BF913500E',NULL,NULL,NULL,'Instructions','{"Validation":{"InstructionFailed":{"Math":"NotEnoughQuantity"}}}');
INSERT INTO transactions VALUES('1E0128C3441125109A7913E21307AF03CA76A1773467C0DD227D43A348704313','F39C3BCEAAC346A51814F1F0F422A79FF7A0A567759E742484DAFDF4C403C3B7','2024-08-22T07:20:43.972Z','ed0120B23E14F659B91736AAB980B6ADDCE4B1DB8A138AB0267E049C082A744471714E','wonderland','A3BB8FC46596278CC88ED5D648E1DAAFB827B0FF9FE8B986A2C41DAAAAD16FE23B4DE62EFCEAE430EEF5BA70DD32D8C1A59F0E83E658DF8F179B2F1114410A0F',NULL,NULL,NULL,'Instructions',NULL);
INSERT INTO transactions VALUES('F93D935634922C763AE3C1E5BD5159BF3C1B9A8B17034BB477929227B99D3E21','F39C3BCEAAC346A51814F1F0F422A79FF7A0A567759E742484DAFDF4C403C3B7','2024-08-22T07:20:44.318Z','ed0120B23E14F659B91736AAB980B6ADDCE4B1DB8A138AB0267E049C082A744471714E','wonderland','CCA3AE582372BAEDB712E252FADFDC1CEA677AF29E2B86C05DB16C77F0D30230443E668B7595184D4E97088826A62CDF4E07D46220B176EF1A28F1F3566F6C09',NULL,NULL,NULL,'Instructions',NULL);
INSERT INTO transactions VALUES('1C870B52B756EA06575F1461B35E79AC2AB9777DBE845E25439F6BD9E28CE0D1','503469E032CB256F9C3E45B8DC5F2C43A9B6850ADB20FAC009F433B91BC77E83','2024-08-22T07:20:44.653Z','ed0120B23E14F659B91736AAB980B6ADDCE4B1DB8A138AB0267E049C082A744471714E','wonderland','1427C3CF59C5E56B0D0DF8C90D94F274452DCF50E1A7841A0E7D23228C507C7166AA4224EDAA793F6968B74877904218A830237677C8137DCB6670B63FB49000',NULL,NULL,NULL,'Instructions',NULL);
INSERT INTO transactions VALUES('2AEC6DE5FC35725251BB863F984E52D2EF98B31F8EBFAB02DD1FCF4A0ECE5F49','503469E032CB256F9C3E45B8DC5F2C43A9B6850ADB20FAC009F433B91BC77E83','2024-08-22T07:20:44.983Z','ed0120B23E14F659B91736AAB980B6ADDCE4B1DB8A138AB0267E049C082A744471714E','wonderland','E395640F7BD793018E124C5FC868DE519F33F54B824ADC16977F81FCB6EE0B0E5C1C42DCAC7C98DAE75E6D52BCB6AA5C4B5977618467D6B3DD67890107EBF20A',NULL,NULL,NULL,'Instructions',NULL);
INSERT INTO transactions VALUES('EFDD56E0854EEE79C96054F12270E4A63B6C68EDB2A5FAFA3C5C118A14E064A9','503469E032CB256F9C3E45B8DC5F2C43A9B6850ADB20FAC009F433B91BC77E83','2024-08-22T07:20:45.356Z','ed0120B23E14F659B91736AAB980B6ADDCE4B1DB8A138AB0267E049C082A744471714E','wonderland','3E168C051FF6A6EAFF0EFAA00F14E0A3EA3B2390B72C0BC297C1566390693949F7BE6201567931655A7CAFCEFECDD8C0ED67036D13D1527E5496B29C7F3CAE0B',NULL,NULL,NULL,'Instructions',NULL);
INSERT INTO transactions VALUES('6FBE423D73F27DB852647206740B302F097E2AC52D9B876F30D6CB2515F750E5','503469E032CB256F9C3E45B8DC5F2C43A9B6850ADB20FAC009F433B91BC77E83','2024-08-22T07:20:45.769Z','ed0120B23E14F659B91736AAB980B6ADDCE4B1DB8A138AB0267E049C082A744471714E','wonderland','62C03C77FE153E687E0D1D5D61790A97E9B70FED490C5DF6A00D6FB6AB65290CC3C12F0E58BB350C17BFE2E3E0255EB86C05ED5878D836D2CB569F45B551F908',NULL,NULL,NULL,'Instructions',NULL);
INSERT INTO transactions VALUES('064E0369B75D709F4D86A0BAFD15C4A66836FCBD1348905408B276BED4BFCF27','503469E032CB256F9C3E45B8DC5F2C43A9B6850ADB20FAC009F433B91BC77E83','2024-08-22T07:20:46.175Z','ed0120B23E14F659B91736AAB980B6ADDCE4B1DB8A138AB0267E049C082A744471714E','wonderland','D343B3F133BBD2F289E368066DB809D596739381AB43C30B6BFB21E5F6E07870AD4617626601A11A68D82F8675A212E1371023BD673710F664760250F0C20509',NULL,NULL,NULL,'Instructions','{"Validation":{"InstructionFailed":{"Math":"NotEnoughQuantity"}}}');
INSERT INTO transactions VALUES('7C41864197EE2933D4ABB9A7BC3D2261CF76A32417B15FD17D872B7EADDCE415','503469E032CB256F9C3E45B8DC5F2C43A9B6850ADB20FAC009F433B91BC77E83','2024-08-22T07:20:46.505Z','ed0120B23E14F659B91736AAB980B6ADDCE4B1DB8A138AB0267E049C082A744471714E','wonderland','8E7700CD6852D1E27DDBAAAE7E876EBDD3D01E7A96CE2759C54DF4707D557E073BCD5AEF0ADA283A8271A001364A1B2CB7981658C4B2DBC204140A1F2321B102',NULL,NULL,NULL,'Instructions','{"Validation":{"InstructionFailed":{"Math":"NotEnoughQuantity"}}}');
INSERT INTO transactions VALUES('EECF8813F17DE182082804EB38B278EDE15C2391AEBD35D7289B1A070E33C2E1','E6DD1219A9AD97917E72EFCAFAABB03372164DEC6589D87C4208BC9178DCC0FD','2024-08-22T07:20:46.835Z','ed0120B23E14F659B91736AAB980B6ADDCE4B1DB8A138AB0267E049C082A744471714E','wonderland','A5DAFC1B3049AF39DA445273A059E4A0108CE98130AE53BFB5AA61F3ED80AB9F2F6FC4F9C17A311C0D98746C6482827979CDC58B0887336EF98DDAF5CFA85909',NULL,NULL,NULL,'Instructions',NULL);
INSERT INTO transactions VALUES('B61BDF3419F16FD045950AF8AF50A6650D8F78431775E3A47633FFE07E347793','E6DD1219A9AD97917E72EFCAFAABB03372164DEC6589D87C4208BC9178DCC0FD','2024-08-22T07:20:47.164Z','ed0120B23E14F659B91736AAB980B6ADDCE4B1DB8A138AB0267E049C082A744471714E','wonderland','4491F99548989EA8363284E6843E892142D2560EB9732883E8E187AD55624B162AB2A7F1EE05504E6072E0CFEEB39F3099D8EBB9703FDB84275CF61C17D99B02',NULL,NULL,NULL,'Instructions',NULL);
INSERT INTO transactions VALUES('7018295DF27150EE560E0CF18DF39419F628D68A500348C4A3D0F88C7DEFABDD','E6DD1219A9AD97917E72EFCAFAABB03372164DEC6589D87C4208BC9178DCC0FD','2024-08-22T07:20:47.609Z','ed0120B23E14F659B91736AAB980B6ADDCE4B1DB8A138AB0267E049C082A744471714E','wonderland','5995FA0881501C33746FD555740B6CB4304CE43ABE16CC0ECEA57F5E2D0946D4F5B0CB0813C026DE73878A2CE18C3C768072C35CC4417AD7F4D48AB294AD420C',NULL,NULL,NULL,'Instructions','{"Validation":{"InstructionFailed":{"Math":"NotEnoughQuantity"}}}');
INSERT INTO transactions VALUES('BB88D341C436828F8519D7246155FE5B1985B4D7DECCC36BCD3D23ABDF582FE3','E6DD1219A9AD97917E72EFCAFAABB03372164DEC6589D87C4208BC9178DCC0FD','2024-08-22T07:20:48.015Z','ed0120B23E14F659B91736AAB980B6ADDCE4B1DB8A138AB0267E049C082A744471714E','wonderland','5625A49FDA76965F43F92E2F02E24B5AA877854CE59E003C95469AC1DB462DB8704A442132C82104608B1A996567D497D47214599D4BD0174DD0F63876618F0F',NULL,NULL,NULL,'Instructions','{"Validation":{"InstructionFailed":{"Math":"NotEnoughQuantity"}}}');
INSERT INTO transactions VALUES('3BF61639F1DDDE67AFF0A4979FC1E388A887219C4C6D3124BA2B46597551F741','E6DD1219A9AD97917E72EFCAFAABB03372164DEC6589D87C4208BC9178DCC0FD','2024-08-22T07:20:48.427Z','ed0120B23E14F659B91736AAB980B6ADDCE4B1DB8A138AB0267E049C082A744471714E','wonderland','2AB1BFEC09206C9D790A68084F3D191BC5B04A948460401757F2120933DD37979086434AE04DB36B9DE2AB5E89C6B36DF511EAC1AA50BE76DAF06A07032C810B',NULL,NULL,NULL,'Instructions','{"Validation":{"InstructionFailed":{"Math":"NotEnoughQuantity"}}}');
INSERT INTO transactions VALUES('C1EEA47D656D6C83703FA2DE60E0CC0D301C905ED35E17FF03C4FC19F8DA5199','DDBED680AFE7B13FD6A2CA57AB3EC671B0548C359E5BC49715C30BD685A5EFBB','2024-08-22T07:20:48.833Z','ed0120B23E14F659B91736AAB980B6ADDCE4B1DB8A138AB0267E049C082A744471714E','wonderland','59B92F811E8B9299D638BB3523B3E6A7E83B0A7AD9AD4A2F1A441D510AD0616EB1030E54B97EAF14D293296F4EC2948C973863EB6745BE6279DE8FA2BB59E908',NULL,NULL,NULL,'Instructions',NULL);
INSERT INTO transactions VALUES('050C34D41B321115793FD7DFDBC1E900B7424CE733A7513E6CEF70BFAA946FCD','DDBED680AFE7B13FD6A2CA57AB3EC671B0548C359E5BC49715C30BD685A5EFBB','2024-08-22T07:20:49.246Z','ed0120B23E14F659B91736AAB980B6ADDCE4B1DB8A138AB0267E049C082A744471714E','wonderland','B085C853E6216F3554B9834ECE58FF079B3CD17EFFAEAB5C03037AC831EECB36B32C78712C0F4C8A4625BB92147F5DF2426D15E4575CFE66FA74582D8A7C320B',NULL,NULL,NULL,'Instructions',NULL);
INSERT INTO transactions VALUES('0607CF1A53EC42630E73D1A02FD79FAD92DB1486C16267FDC3B09BA244AC23F3','DDBED680AFE7B13FD6A2CA57AB3EC671B0548C359E5BC49715C30BD685A5EFBB','2024-08-22T07:20:49.578Z','ed0120B23E14F659B91736AAB980B6ADDCE4B1DB8A138AB0267E049C082A744471714E','wonderland','FFCEE7D9941E600059FC22DF43F2930DE6952B161DFC49BB29F7B4671C9AFED829B24BC156ED0E63347C3DFCB2243E263725C57D5D2BD43995A3EF0D1F261209',NULL,NULL,NULL,'Instructions','{"Validation":{"InstructionFailed":{"Math":"NotEnoughQuantity"}}}');
INSERT INTO transactions VALUES('F46BCD16C7CD384D7159F9B495B5D278BE9585B807D2C5CC80F7AD79A2E19173','DDBED680AFE7B13FD6A2CA57AB3EC671B0548C359E5BC49715C30BD685A5EFBB','2024-08-22T07:20:49.915Z','ed0120B23E14F659B91736AAB980B6ADDCE4B1DB8A138AB0267E049C082A744471714E','wonderland','F30AC9B970E3CC19290DCE08413379676BC60B2C269C58805A5E93A3A7381D94FA37CAFD64F0C65BAF9FA564C42AAAA016124456EE226E6DFADBD1CC6E3CC60D',NULL,NULL,NULL,'Instructions',NULL);
INSERT INTO transactions VALUES('E8C885881FB287330351A4969C89B5AC586B492C9DEB6C73F1BEDC12D670BC59','DDBED680AFE7B13FD6A2CA57AB3EC671B0548C359E5BC49715C30BD685A5EFBB','2024-08-22T07:20:50.242Z','ed0120B23E14F659B91736AAB980B6ADDCE4B1DB8A138AB0267E049C082A744471714E','wonderland','276057C50874534C9C033D7344519EC7E265F0907D2F1EB4933774B8458CC9ED6DED83A614347EFF6F130B2AEFF610EF4463EB80A869A15384A75452ED90D407',NULL,NULL,NULL,'Instructions','{"Validation":{"InstructionFailed":{"Math":"NotEnoughQuantity"}}}');
INSERT INTO transactions VALUES('B31381175BE9191E6CE4365FC9ADABA33CBE92075D9734F6718E8B076009426B','DDBED680AFE7B13FD6A2CA57AB3EC671B0548C359E5BC49715C30BD685A5EFBB','2024-08-22T07:20:50.563Z','ed0120B23E14F659B91736AAB980B6ADDCE4B1DB8A138AB0267E049C082A744471714E','wonderland','F75DB8F15F4D2885D67CE10E8232A4AC00EC60B70E14F14BCE746E2BFE825AD09ABCB1B10828A1812E0246EEC5DA6D7B23D99E9B5CA562A6FEAC236A7D792103',NULL,NULL,NULL,'Instructions','{"Validation":{"InstructionFailed":{"Math":"NotEnoughQuantity"}}}');
INSERT INTO transactions VALUES('450173CC0164167C09A65A4DCECF8BB2AC1EC73035341FD584A98E28B534378D','045A86AD59AFAB69C0BB69A0C745136649BEEBABA6E3C5B345465044089AED4F','2024-08-22T07:20:50.945Z','ed0120B23E14F659B91736AAB980B6ADDCE4B1DB8A138AB0267E049C082A744471714E','wonderland','C2F5CD4244DBFC901ACEE37B17B4CD915A7DD5F8688FD3717B3D474CF94435F601B1EB60F0C60C7ED90639DAE743EF5C9B16B14366783FBCC02D84C7B294830C',NULL,NULL,NULL,'Instructions','{"Validation":{"InstructionFailed":{"Math":"NotEnoughQuantity"}}}');
INSERT INTO transactions VALUES('E8A65C938133F542BFEB182B48EEED3519BC5FB813DEB1CA48EA8DE7239C0285','045A86AD59AFAB69C0BB69A0C745136649BEEBABA6E3C5B345465044089AED4F','2024-08-22T07:20:51.301Z','ed0120B23E14F659B91736AAB980B6ADDCE4B1DB8A138AB0267E049C082A744471714E','wonderland','7CF35ACFEACE51FB68E7D46FB4B10852052D9A153AB4EBE383C3323AEE46107CB2AA699820DFF7663C68EC7E67A04D0350DBC7788386EE58F66E4C7F8E984D04',NULL,NULL,NULL,'Instructions','{"Validation":{"InstructionFailed":{"Math":"NotEnoughQuantity"}}}');
INSERT INTO transactions VALUES('F892094B51118C9821A2D892AC09A462E977A20F2BF28BDA74A8A26F7ACE9D7F','045A86AD59AFAB69C0BB69A0C745136649BEEBABA6E3C5B345465044089AED4F','2024-08-22T07:20:51.704Z','ed0120B23E14F659B91736AAB980B6ADDCE4B1DB8A138AB0267E049C082A744471714E','wonderland','138A2402F20975E0BADC228B0750E8482A705A7D839052A319F781B00C4246C3C28DE964BF366EEA66F978B0DA42B6C2DB010B9A5F4AAFF33BD45B4CF7805F02',NULL,NULL,NULL,'Instructions',NULL);
INSERT INTO transactions VALUES('A8FA72B6A660D5C6AA808972FF5447895723DA86B55F7BB0EB0CC3D4BFB9C4BD','1800C9610BB7BA28DD714715B4300576152BE46B32D99644AB3B8B9AC7360D8B','2024-08-22T07:44:07.190Z','ed0120B23E14F659B91736AAB980B6ADDCE4B1DB8A138AB0267E049C082A744471714E','wonderland','AA9D100FEAD77EDAC1A368B91A4EFDDA7BD9D536E19337F84B7251F48FEBDD2F44E5C2BF6711578FA753E6186B91CB1FFF7DE3C946297892AA7A7FA4F7C0E60D',NULL,NULL,NULL,'Instructions',NULL);
INSERT INTO transactions VALUES('82C251E645A3067C7766FEF695E5428EF4D695E817DD28AF73EBACF917B4B0F3','AFB066B12F0864A7B0064BDEAFE72342EDAEC228B61A34C9F4AD3490B1D97C73','2024-08-22T07:44:07.877Z','ed0120B23E14F659B91736AAB980B6ADDCE4B1DB8A138AB0267E049C082A744471714E','wonderland','00CA1B6B4711FFCD03A4AF89CE8456E9DCFDE9CF290034D974E0F18463E96F0065D9386D73088F9BAEAF938793D1BEB39264CA6D19283969DFFBDD42F837A502',NULL,NULL,NULL,'Instructions',NULL);
INSERT INTO transactions VALUES('E3FCF0A606FC041277E0095868E0D32735E8F133FB0A852331175F4D8B702763','AFB066B12F0864A7B0064BDEAFE72342EDAEC228B61A34C9F4AD3490B1D97C73','2024-08-22T07:44:08.561Z','ed0120B23E14F659B91736AAB980B6ADDCE4B1DB8A138AB0267E049C082A744471714E','wonderland','BEF3D7AFCDE16E4C7B00CF38B38541D6D0681431EF5DA465404B8FB7DAF75E83E4D1E96499E5628AEC2FC8BFCF09DADE0D3C7366D46A77054F48292E0755BE0E',NULL,NULL,NULL,'Instructions',NULL);
INSERT INTO transactions VALUES('C017FC2974B62DB53C20476BD137340D4A92473832CB66AF96F5C294A6A68653','AFB066B12F0864A7B0064BDEAFE72342EDAEC228B61A34C9F4AD3490B1D97C73','2024-08-22T07:44:08.949Z','ed0120B23E14F659B91736AAB980B6ADDCE4B1DB8A138AB0267E049C082A744471714E','wonderland','F77692BA462F8442E6C73BF6CC09D7B151A301BE48C415AD526352FC98DEFF613C0EE043751DC460C2F748ACF69B0C1277253E3DB8383E61500C632B71973C08',NULL,NULL,NULL,'Instructions',NULL);
INSERT INTO transactions VALUES('B84D037807A1F00FA765E1B8C2874CAD5A3F564207AB009FD6DF3B2F52A9E6B9','AFB066B12F0864A7B0064BDEAFE72342EDAEC228B61A34C9F4AD3490B1D97C73','2024-08-22T07:44:09.275Z','ed0120B23E14F659B91736AAB980B6ADDCE4B1DB8A138AB0267E049C082A744471714E','wonderland','CFAB915FDD12EEEF7E57B45AF170F15FF66CCF90A9C5B6AF532520B3F73027A2FC220D775674AD110FDA0E210557F68056890494AED9717DFEB421F3C9EF0908',NULL,NULL,NULL,'Instructions',NULL);
INSERT INTO transactions VALUES('9EFADFEE30CC584473379674CDD5A6B289C21DA10CC168960A7AE904EEFAF16B','F62BA67B9D6C5F80DE8638EB58FF18617AB33200042895159865917F5EB30DC7','2024-08-22T07:44:09.604Z','ed0120B23E14F659B91736AAB980B6ADDCE4B1DB8A138AB0267E049C082A744471714E','wonderland','537BC44143F7B33941F62D95D343F8C87D2A8D05E800F9F11BEC800AAD2927B25A5DB2B1F42913D08C01E961783D02FD1D4AA4CF72BD697F0EE98F015C2F8C04',NULL,NULL,NULL,'Instructions','{"Validation":{"InstructionFailed":{"Math":"NotEnoughQuantity"}}}');
INSERT INTO transactions VALUES('8D54C3627CD3CE100FAE194B3662977A1EB1B0B28EC61D7E95136CEF8DA7D89F','F62BA67B9D6C5F80DE8638EB58FF18617AB33200042895159865917F5EB30DC7','2024-08-22T07:44:09.986Z','ed0120B23E14F659B91736AAB980B6ADDCE4B1DB8A138AB0267E049C082A744471714E','wonderland','AB8BA31554A0A39411CD7175C8CEA931669026266C33D1FFD0F7043BF67B8DB1FC2F635BD74381F4C5B3342F2C1BA70F79E2FF68A58C0BAE11AA57FAD2114C0B',NULL,NULL,NULL,'Instructions',NULL);
INSERT INTO transactions VALUES('00089DAC1CDF30AE02FD575A9FDA15C380D922F0DB3EF17BE86EDE68E124A65F','F62BA67B9D6C5F80DE8638EB58FF18617AB33200042895159865917F5EB30DC7','2024-08-22T07:44:10.396Z','ed0120B23E14F659B91736AAB980B6ADDCE4B1DB8A138AB0267E049C082A744471714E','wonderland','028AD63D7534D1497C0C3AA45F085C1BE5BC65FFB4B34740A20CA1D0635C29FE10F67E270B6754BE914611EC7D5011B4E87109BF9EAF6BB349591EBB5E9A6A0C',NULL,NULL,NULL,'Instructions',NULL);
INSERT INTO transactions VALUES('7A6C9E224EE1A70044B576160E8B939B89FA5523A99D6C24B1470BD7DE534303','F62BA67B9D6C5F80DE8638EB58FF18617AB33200042895159865917F5EB30DC7','2024-08-22T07:44:10.717Z','ed0120B23E14F659B91736AAB980B6ADDCE4B1DB8A138AB0267E049C082A744471714E','wonderland','224C2B4DE8AAF6EBFC7E55614B252BA884CEEB3B30B14E7027ED1CE8530993D26DCC920D34A756980C0D289B56F7F5311CFA5B076B8FA288958A95BF5A6EE400',NULL,NULL,NULL,'Instructions',NULL);
INSERT INTO transactions VALUES('5474D26F9AA804FEB7F4849DEEFC266F85A65B31D2694097E09E096ADF1CE9CD','4F3D247EF92C876414BBC6914BA4D449524F8562BF4DCDD59976DBEF5BE40859','2024-08-23T06:10:20.041Z','ed0120B23E14F659B91736AAB980B6ADDCE4B1DB8A138AB0267E049C082A744471714E','wonderland','651867250D9D2F70BE63337FBA5D1290FCD83697983A607E15AC7D208E4D6D9A2C8379FDD45BA3ECC25018F24D5573B738A6CFDE922E38128050CAE8FD3E8709',NULL,NULL,NULL,'Instructions','{"Validation":{"InstructionFailed":{"Math":"NotEnoughQuantity"}}}');
INSERT INTO transactions VALUES('A0C9F31C59169F2BF9DE0A33A89DBCDF5299C13837F717201F5E7F163F57016B','0CD3A7BEF23C36E181EDCCB50E2180EED42FCBEC61B3A03A93E2C7AE1C06287B','2024-08-23T06:10:34.250Z','ed0120B23E14F659B91736AAB980B6ADDCE4B1DB8A138AB0267E049C082A744471714E','wonderland','9604B3A383A723739FA9B572BE3480D44371B91B6EE4581F7CEF701FCBF392404DCB4D8FF10BE94526F0C957483E4648D6AC5321525EE22BD157810C173DF708',NULL,NULL,NULL,'Instructions','{"Validation":{"InstructionFailed":{"Math":"NotEnoughQuantity"}}}');
INSERT INTO transactions VALUES('65469F47F8F6C124F6A54150632EEFE2B2CF7CE7C9A7F8806B5B2F1E66D0C907','E2810838FC7E4AFE90D49FA474E0373ABB4B84B5D66F79F8CCFC43E08F87F93D','2024-08-23T06:10:34.906Z','ed0120B23E14F659B91736AAB980B6ADDCE4B1DB8A138AB0267E049C082A744471714E','wonderland','C0E3BD4DDF89B34943C4CBCEB5C575219BCB141B6B54C5299B30DEC8732A685F6173985273F5C632BBFA1C627AFD07235571A4F6EF954552354E2B45319BA40A',NULL,NULL,NULL,'Instructions','{"Validation":{"InstructionFailed":{"Math":"NotEnoughQuantity"}}}');
INSERT INTO transactions VALUES('069F43A29AB2206F4332654DEA67820C59FF8E345AF0DB2C4FF8E693DA79648D','E2810838FC7E4AFE90D49FA474E0373ABB4B84B5D66F79F8CCFC43E08F87F93D','2024-08-23T06:10:35.557Z','ed0120B23E14F659B91736AAB980B6ADDCE4B1DB8A138AB0267E049C082A744471714E','wonderland','D8A571B4751802BD8E49612CE8EB5EEB354ABAB3C35CF151B40A67C05A92248E201B92E9C325D25E8FBEB36B495D707B500639136682E18739F14DE30792C20A',NULL,NULL,NULL,'Instructions','{"Validation":{"InstructionFailed":{"Math":"NotEnoughQuantity"}}}');
INSERT INTO transactions VALUES('0F9CE6B0757440E770361007D7F6B11E82CA5E1A6A10768AB97CE4C92B3F1F21','77294A19F05BA86D335831002347245718E114092ADE540CB9515C9F79833E17','2024-08-23T06:10:54.927Z','ed0120B23E14F659B91736AAB980B6ADDCE4B1DB8A138AB0267E049C082A744471714E','wonderland','452455F5E81DBC87EBDFECA4421955F2DABDB6EE1E983D4DDDF833F428E8871BBC522B1DE2404226452D0C412E3879C8127D1A1211EFCDA8D563BA619F4D3C0B',NULL,NULL,NULL,'Instructions',NULL);
INSERT INTO transactions VALUES('AD80CF76E59E45B44E23F48952B17F0548DDA50E09FAFACB06F73062CE6CF749','50DBD080CA5208FA1157843887605BADA04FF64E09E99D46B59C7E6E72B4CCC5','2024-08-23T06:10:55.709Z','ed0120B23E14F659B91736AAB980B6ADDCE4B1DB8A138AB0267E049C082A744471714E','wonderland','51EE0B23F57969143D2A1335016AA8590D2D3B8FC1F53F2DE475838D28A910EED75B59F757AA7D330C4604A4F84FA3831869B0DB46D794B23D4D3BE3C1399904',NULL,NULL,NULL,'Instructions',NULL);
INSERT INTO transactions VALUES('4302AEBE863330EDBBC286928C85B8563E024A2C6FB05FE80205B44CD10122E3','1F40FB8D1A71B35080009E71B249D23C1C8B95F7300562008D9CEAB01B56084F','2024-08-23T06:39:54.100Z','ed0120B23E14F659B91736AAB980B6ADDCE4B1DB8A138AB0267E049C082A744471714E','wonderland','0E53E63342A1909C4F1312013B8FEEC20C6DAC1C429E6FA484B3870A9D92289A24E8C7DC0ABE8B71928FD3BEFDCBB7A7E388C22487F75743A6EE96499F2A7704',NULL,NULL,NULL,'Instructions',NULL);
CREATE TABLE instructions (
  transaction_hash text not null references transactions(hash),
  value json not null
);
INSERT INTO instructions VALUES('E122AAACEF2D95D0CD406DA50BB89BB3D021A6A5E099C3BCB238417294EBC261','{"Upgrade":"[REDACTED]"}');
INSERT INTO instructions VALUES('370E49A0A665040204E4F415B10B90E4485CF00C42856D9338E66D3AB82D7EC1','{"Register":{"Peer":{"address":"127.0.0.1:1337","public_key":"ed01204164BF554923ECE1FD412D241036D863A6AE430476C898248B8237D77534CFC4"}}}');
INSERT INTO instructions VALUES('FEB8439BB540200AC065F76095B2C0C584CC0FB4CF0B5D681B68DA1B725D88DD','{"Register":{"Domain":{"id":"wonderland","logo":null,"metadata":{}}}}');
INSERT INTO instructions VALUES('FEB8439BB540200AC065F76095B2C0C584CC0FB4CF0B5D681B68DA1B725D88DD','{"Register":{"Account":{"id":"ed0120B23E14F659B91736AAB980B6ADDCE4B1DB8A138AB0267E049C082A744471714E@wonderland","metadata":{}}}}');
INSERT INTO instructions VALUES('FEB8439BB540200AC065F76095B2C0C584CC0FB4CF0B5D681B68DA1B725D88DD','{"Transfer":{"Domain":{"destination":"ed0120B23E14F659B91736AAB980B6ADDCE4B1DB8A138AB0267E049C082A744471714E@wonderland","object":"wonderland","source":"ed01204164BF554923ECE1FD412D241036D863A6AE430476C898248B8237D77534CFC4@genesis"}}}');
INSERT INTO instructions VALUES('FEB8439BB540200AC065F76095B2C0C584CC0FB4CF0B5D681B68DA1B725D88DD','{"SetParameter":{"Sumeragi":{"BlockTimeMs":0}}}');
INSERT INTO instructions VALUES('FEB8439BB540200AC065F76095B2C0C584CC0FB4CF0B5D681B68DA1B725D88DD','{"SetParameter":{"Sumeragi":{"CommitTimeMs":0}}}');
INSERT INTO instructions VALUES('FEB8439BB540200AC065F76095B2C0C584CC0FB4CF0B5D681B68DA1B725D88DD','{"Grant":{"Permission":{"destination":"ed0120B23E14F659B91736AAB980B6ADDCE4B1DB8A138AB0267E049C082A744471714E@wonderland","object":{"name":"CanSetParameters","payload":null}}}}');
INSERT INTO instructions VALUES('8045A9525D6DA9666E01146B07BF9A907C8EAF6CF8827B248CDB34284CDBCCB3','{"SetParameter":{"Sumeragi":{"BlockTimeMs":2000}}}');
INSERT INTO instructions VALUES('8045A9525D6DA9666E01146B07BF9A907C8EAF6CF8827B248CDB34284CDBCCB3','{"SetParameter":{"Sumeragi":{"CommitTimeMs":4000}}}');
INSERT INTO instructions VALUES('CD7993C0EE6E06A89DC5DFCCB2746D3751027135C12599F8C7F19E948EA13347','{"Register":{"Domain":{"id":"looking_glass","logo":null,"metadata":{"foo":{"bar":false}}}}}');
INSERT INTO instructions VALUES('CD7993C0EE6E06A89DC5DFCCB2746D3751027135C12599F8C7F19E948EA13347','{"Register":{"AssetDefinition":{"id":"roses#wonderland","logo":null,"metadata":{},"mintable":"Once","type":"Numeric"}}}');
INSERT INTO instructions VALUES('CD7993C0EE6E06A89DC5DFCCB2746D3751027135C12599F8C7F19E948EA13347','{"Register":{"AssetDefinition":{"id":"roses#looking_glass","logo":null,"metadata":{},"mintable":"Infinitely","type":"Store"}}}');
INSERT INTO instructions VALUES('CD7993C0EE6E06A89DC5DFCCB2746D3751027135C12599F8C7F19E948EA13347','{"Register":{"Account":{"id":"e70121037287D2200EE4CAF41A9EA2D4B33C9D4FA441FABF44CF09F5D441AB301A4EA64D@looking_glass","metadata":{"key_pair_alg":"secp256k1","key_pair_seed_hex":"deadbeef"}}}}');
INSERT INTO instructions VALUES('CD7993C0EE6E06A89DC5DFCCB2746D3751027135C12599F8C7F19E948EA13347','{"Mint":{"Asset":{"destination":"roses#wonderland#e70121037287D2200EE4CAF41A9EA2D4B33C9D4FA441FABF44CF09F5D441AB301A4EA64D@looking_glass","object":"100500"}}}');
INSERT INTO instructions VALUES('B9235FCE1D4C4192328E19CCF924E532827C55BA2D2CDC6C1C70E791A08A6283','{"SetKeyValue":{"Domain":{"key":"rand-0.20500368076506859","object":"wonderland","value":[0,1,2,0.2050036807650686]}}}');
INSERT INTO instructions VALUES('92EC163E46BCB1043EF8ABE3D4153DBB6ACEB8A7585815438E93EF1B6020BB13','{"SetKeyValue":{"Domain":{"key":"rand-0.017721154702588615","object":"wonderland","value":[0,1,2,0.017721154702588615]}}}');
INSERT INTO instructions VALUES('16FBA34C8A14EB4C82F2CA10AAC6D5A7F92A24AFAF66E47C69FDE964BDB9B3E1','{"SetKeyValue":{"Domain":{"key":"rand-0.044178036851183045","object":"wonderland","value":[0,1,2,0.044178036851183045]}}}');
INSERT INTO instructions VALUES('AC5E48DC3C9B124C425BC2F8EF06815F2F414134D529A4A8838B4C68A36AFF11','{"SetKeyValue":{"Domain":{"key":"rand-0.685873702320261","object":"wonderland","value":[0,1,2,0.685873702320261]}}}');
INSERT INTO instructions VALUES('F76E231F1A2A07BA67BF831EC921C0D7CA834B95C37A8B6AF3DEABD133259021','{"SetKeyValue":{"Domain":{"key":"rand-0.9157371210513827","object":"wonderland","value":[0,1,2,0.9157371210513828]}}}');
INSERT INTO instructions VALUES('DE4635E4D3B195889BE6833EE6CB8DB98252A8F3D625850C8DA87FA02731E0B5','{"SetKeyValue":{"Domain":{"key":"rand-0.6527802241020448","object":"wonderland","value":[0,1,2,0.6527802241020448]}}}');
INSERT INTO instructions VALUES('B2D7AFAD663658225353CE9E6B76A337EA6C54667CD6A6FA6A90358B93002A55','{"SetKeyValue":{"Domain":{"key":"rand-0.37681028464586297","object":"wonderland","value":[0,1,2,0.37681028464586297]}}}');
INSERT INTO instructions VALUES('50CC2599FF4CB4A9A2E2DBCF9C22ACF1817261614A40738D5A3F6C936A47FD2B','{"SetKeyValue":{"Domain":{"key":"rand-0.020200223781197124","object":"wonderland","value":[0,1,2,0.020200223781197124]}}}');
INSERT INTO instructions VALUES('E82A4B7F3ED933520F39E8D62D2A880713C996706D1C7D79B48C44C2150A2075','{"SetKeyValue":{"Domain":{"key":"rand-0.3206375763444502","object":"wonderland","value":[0,1,2,0.3206375763444502]}}}');
INSERT INTO instructions VALUES('269264C53A14A9C1B24B50A0BE4D5A4B86E4D13958586EA2E2D676D0E877DC35','{"SetKeyValue":{"Domain":{"key":"rand-0.09849365116372044","object":"wonderland","value":[0,1,2,0.09849365116372044]}}}');
INSERT INTO instructions VALUES('66CD15886B390BAEA5D1839E4D41C0E3531C869783C8E5D0185B634761B650F9','{"SetKeyValue":{"Domain":{"key":"rand-0.6061387635418998","object":"wonderland","value":[0,1,2,0.6061387635418998]}}}');
INSERT INTO instructions VALUES('CB84F0D81287C6F8D0A8E8FC2213EB0EE74F543FC890AF0F7D241E1878A902BF','{"SetKeyValue":{"Domain":{"key":"rand-0.09207617921678812","object":"wonderland","value":[0,1,2,0.09207617921678812]}}}');
INSERT INTO instructions VALUES('A0E0F9BEE6C95D89D7B8C51EF795DBCF8F41F543431094399F94EC15E6180193','{"SetKeyValue":{"Domain":{"key":"rand-0.9671915791750052","object":"wonderland","value":[0,1,2,0.9671915791750052]}}}');
INSERT INTO instructions VALUES('338B81C7156CE023E3A1E81945A879E59C1A60124B8379DD9B37AF649D12A84D','{"SetKeyValue":{"Domain":{"key":"rand-0.07695861116084934","object":"wonderland","value":[0,1,2,0.07695861116084934]}}}');
INSERT INTO instructions VALUES('A1B6A1CFC573D209FC2804935E5D00D84646E35C71DFA70FF7A96B048AD585A1','{"SetKeyValue":{"Domain":{"key":"rand-0.4783456989326693","object":"wonderland","value":[0,1,2,0.4783456989326693]}}}');
INSERT INTO instructions VALUES('E641365B67ECD6A40D859F58DB37CF60DD5871C34EC4B51535BC78C397216A5D','{"SetKeyValue":{"Domain":{"key":"rand-0.3074449283156384","object":"wonderland","value":[0,1,2,0.3074449283156384]}}}');
INSERT INTO instructions VALUES('9030DB3263049253DE478251DDD8DB67C4500A3E59E4E6B6E05A565BA9508A5F','{"SetKeyValue":{"Domain":{"key":"rand-0.4766493273647987","object":"wonderland","value":[0,1,2,0.4766493273647987]}}}');
INSERT INTO instructions VALUES('B45BC7B998F0234EC33840F8A4E22B63FC4E5BB51CFF6A6AA32E5B9505FA95F5','{"SetKeyValue":{"Domain":{"key":"rand-0.3600142490642375","object":"wonderland","value":[0,1,2,0.3600142490642375]}}}');
INSERT INTO instructions VALUES('68A4A4AB30F1069E92682D7A5601215B96D64E4E1FCA5CD3FE3C97D58978C7FB','{"SetKeyValue":{"Domain":{"key":"rand-0.6510832908118287","object":"wonderland","value":[0,1,2,0.6510832908118287]}}}');
INSERT INTO instructions VALUES('C241F57F790916C4DAB5BF51878D6A3B343239B1B4B416ED6FA0D9FD53B65FB5','{"SetKeyValue":{"Domain":{"key":"rand-0.9401911702459926","object":"wonderland","value":[0,1,2,0.9401911702459926]}}}');
INSERT INTO instructions VALUES('A65BB4AF086018F76079E86B40030045F9FD115E1A60452045E3C06B3BECE7D3','{"SetKeyValue":{"Domain":{"key":"rand-0.7277316605623749","object":"wonderland","value":[0,1,2,0.7277316605623749]}}}');
INSERT INTO instructions VALUES('F77772357AA948ED1A9785C48944E158100297753D4EFD9599FA4ECBE27322AB','{"SetKeyValue":{"Domain":{"key":"rand-0.03441745058755785","object":"wonderland","value":[0,1,2,0.03441745058755785]}}}');
INSERT INTO instructions VALUES('F0C52E2EE6E80781AF3DB00F57EB0B36743151D0E7EA7DE112903108B8CFB565','{"SetKeyValue":{"Domain":{"key":"rand-0.06079530243620579","object":"wonderland","value":[0,1,2,0.06079530243620579]}}}');
INSERT INTO instructions VALUES('92ECE0611ECA798A3FB29A7EBCA442308C9C8C0A624574743DC6516712842609','{"SetKeyValue":{"Domain":{"key":"rand-0.4440998383138679","object":"wonderland","value":[0,1,2,0.4440998383138679]}}}');
INSERT INTO instructions VALUES('574D6C5D4BFB439244E5AD8CFB30BBA60DF04287BEB93F20C3349187F86B5E5B','{"SetKeyValue":{"Domain":{"key":"rand-0.04289285694192424","object":"wonderland","value":[0,1,2,0.04289285694192424]}}}');
INSERT INTO instructions VALUES('A0EF46BDB7FF9364ACD34081CDFA7013E8391341615C867D095559F6FB36D231','{"Register":{"AssetDefinition":{"id":"coin#wonderland","logo":null,"metadata":{},"mintable":"Infinitely","type":"Numeric"}}}');
INSERT INTO instructions VALUES('8AC6005F036F3940367DECA6F6D4442B0FB1551027C63F2D38D8B98ED6D25A93','{"Burn":{"Asset":{"destination":"coin#wonderland#e70121037287D2200EE4CAF41A9EA2D4B33C9D4FA441FABF44CF09F5D441AB301A4EA64D@looking_glass","object":"126"}}}');
INSERT INTO instructions VALUES('B21428BFA355CF882DA795A56B26D95CC7088748854B50641A3ADC6E88160691','{"Register":{"AssetDefinition":{"id":"coin#wonderland","logo":null,"metadata":{},"mintable":"Infinitely","type":"Numeric"}}}');
INSERT INTO instructions VALUES('4A103715E9096B05A07B5EDEB021DD1B3CA4DAF8D9D27A8418AE816A8F70AA75','{"Burn":{"Asset":{"destination":"coin#wonderland#e70121037287D2200EE4CAF41A9EA2D4B33C9D4FA441FABF44CF09F5D441AB301A4EA64D@looking_glass","object":"499"}}}');
INSERT INTO instructions VALUES('7D35F8A234A36945710BE1232EA7E27256462CEB060489885E7131145EE174B7','{"Burn":{"Asset":{"destination":"coin#wonderland#e70121037287D2200EE4CAF41A9EA2D4B33C9D4FA441FABF44CF09F5D441AB301A4EA64D@looking_glass","object":"899"}}}');
INSERT INTO instructions VALUES('ACE134B11B11F6F7BC91C004721412456F920C77E18A54F917A863A574D65BD9','{"Transfer":{"Asset":{"Numeric":{"destination":"ed0120B23E14F659B91736AAB980B6ADDCE4B1DB8A138AB0267E049C082A744471714E@wonderland","object":"151","source":"coin#wonderland#e70121037287D2200EE4CAF41A9EA2D4B33C9D4FA441FABF44CF09F5D441AB301A4EA64D@looking_glass"}}}}');
INSERT INTO instructions VALUES('087E80512E6AE362B767413F60A1C7A3520B8FE0684B1D1E2802B488D97EDF31','{"Mint":{"Asset":{"destination":"coin#wonderland#e70121037287D2200EE4CAF41A9EA2D4B33C9D4FA441FABF44CF09F5D441AB301A4EA64D@looking_glass","object":"796"}}}');
INSERT INTO instructions VALUES('10873C925733656317C3DEC9902460D2D128D50373BBF37224E76EE9DCED39D3','{"Transfer":{"Asset":{"Numeric":{"destination":"ed0120B23E14F659B91736AAB980B6ADDCE4B1DB8A138AB0267E049C082A744471714E@wonderland","object":"192","source":"coin#wonderland#e70121037287D2200EE4CAF41A9EA2D4B33C9D4FA441FABF44CF09F5D441AB301A4EA64D@looking_glass"}}}}');
INSERT INTO instructions VALUES('84DF65CE625F0D85049E4BD288C6B8D037951D1CDC338D45FB10EF58AF3188AF','{"Burn":{"Asset":{"destination":"coin#wonderland#e70121037287D2200EE4CAF41A9EA2D4B33C9D4FA441FABF44CF09F5D441AB301A4EA64D@looking_glass","object":"417"}}}');
INSERT INTO instructions VALUES('A8352CC4F3E8259D6FD5EB4FEDA70AF75A095509EFDB51E4ED558C2EE163142B','{"Burn":{"Asset":{"destination":"coin#wonderland#e70121037287D2200EE4CAF41A9EA2D4B33C9D4FA441FABF44CF09F5D441AB301A4EA64D@looking_glass","object":"606"}}}');
INSERT INTO instructions VALUES('9094218220EE70B8CE0C155489BD751A1A1DE4F82BBE65DC1A8527E76F65EAED','{"Burn":{"Asset":{"destination":"coin#wonderland#e70121037287D2200EE4CAF41A9EA2D4B33C9D4FA441FABF44CF09F5D441AB301A4EA64D@looking_glass","object":"620"}}}');
INSERT INTO instructions VALUES('4119D656695A15041D7D501646D801C85765703C0742FB081052138A69AFD7DD','{"Transfer":{"Asset":{"Numeric":{"destination":"ed0120B23E14F659B91736AAB980B6ADDCE4B1DB8A138AB0267E049C082A744471714E@wonderland","object":"360","source":"coin#wonderland#e70121037287D2200EE4CAF41A9EA2D4B33C9D4FA441FABF44CF09F5D441AB301A4EA64D@looking_glass"}}}}');
INSERT INTO instructions VALUES('F27D6561B7BEDC06179C47353E2B272329DAFED08CF2D581F05B0C84A837098D','{"Transfer":{"Asset":{"Numeric":{"destination":"ed0120B23E14F659B91736AAB980B6ADDCE4B1DB8A138AB0267E049C082A744471714E@wonderland","object":"499","source":"coin#wonderland#e70121037287D2200EE4CAF41A9EA2D4B33C9D4FA441FABF44CF09F5D441AB301A4EA64D@looking_glass"}}}}');
INSERT INTO instructions VALUES('D4864F3DAF58A30E99E9196C700A52906DCFD051F6099F74F325FBC6616D27EB','{"Burn":{"Asset":{"destination":"coin#wonderland#e70121037287D2200EE4CAF41A9EA2D4B33C9D4FA441FABF44CF09F5D441AB301A4EA64D@looking_glass","object":"520"}}}');
INSERT INTO instructions VALUES('89E4D06E84DA3835010EF1A5A4E607697B7AB79D32E5146F2BE53240B26672E3','{"Transfer":{"Asset":{"Numeric":{"destination":"ed0120B23E14F659B91736AAB980B6ADDCE4B1DB8A138AB0267E049C082A744471714E@wonderland","object":"943","source":"coin#wonderland#e70121037287D2200EE4CAF41A9EA2D4B33C9D4FA441FABF44CF09F5D441AB301A4EA64D@looking_glass"}}}}');
INSERT INTO instructions VALUES('ED3A291367B28542699BE77C082C35400167906806AB8FCEECB67702742773F3','{"Transfer":{"Asset":{"Numeric":{"destination":"ed0120B23E14F659B91736AAB980B6ADDCE4B1DB8A138AB0267E049C082A744471714E@wonderland","object":"65","source":"coin#wonderland#e70121037287D2200EE4CAF41A9EA2D4B33C9D4FA441FABF44CF09F5D441AB301A4EA64D@looking_glass"}}}}');
INSERT INTO instructions VALUES('1A6EB34EF5327E4F6F3DC20ED05AF3DCF268CF735F1A230930C8359CBB882865','{"Transfer":{"Asset":{"Numeric":{"destination":"ed0120B23E14F659B91736AAB980B6ADDCE4B1DB8A138AB0267E049C082A744471714E@wonderland","object":"624","source":"coin#wonderland#e70121037287D2200EE4CAF41A9EA2D4B33C9D4FA441FABF44CF09F5D441AB301A4EA64D@looking_glass"}}}}');
INSERT INTO instructions VALUES('03D50EAB9EAA6CBF81B2234ABC461A0174929FB91132A20F973921074F12F195','{"Burn":{"Asset":{"destination":"coin#wonderland#e70121037287D2200EE4CAF41A9EA2D4B33C9D4FA441FABF44CF09F5D441AB301A4EA64D@looking_glass","object":"509"}}}');
INSERT INTO instructions VALUES('747F6B00FAB4506E09A7927F3E85572F7A70B9AA3F51FAB1275892998E9047C5','{"Burn":{"Asset":{"destination":"coin#wonderland#e70121037287D2200EE4CAF41A9EA2D4B33C9D4FA441FABF44CF09F5D441AB301A4EA64D@looking_glass","object":"150"}}}');
INSERT INTO instructions VALUES('F5BE071BC224DA7309833C03B92E1460CDEBF21EC577F0A1EEAF8E33F1C89F63','{"Transfer":{"Asset":{"Numeric":{"destination":"ed0120B23E14F659B91736AAB980B6ADDCE4B1DB8A138AB0267E049C082A744471714E@wonderland","object":"696","source":"coin#wonderland#e70121037287D2200EE4CAF41A9EA2D4B33C9D4FA441FABF44CF09F5D441AB301A4EA64D@looking_glass"}}}}');
INSERT INTO instructions VALUES('48CB7591D93B1D7CB9C92CBF8A12555A78A2FB2909F33A07F9E08E46AA3B40EF','{"Mint":{"Asset":{"destination":"coin#wonderland#e70121037287D2200EE4CAF41A9EA2D4B33C9D4FA441FABF44CF09F5D441AB301A4EA64D@looking_glass","object":"29"}}}');
INSERT INTO instructions VALUES('8296D37FEF1B555DF4AE90DA8A70B289252D8DFC2F105F0DFA811E1515F572F9','{"Burn":{"Asset":{"destination":"coin#wonderland#e70121037287D2200EE4CAF41A9EA2D4B33C9D4FA441FABF44CF09F5D441AB301A4EA64D@looking_glass","object":"443"}}}');
INSERT INTO instructions VALUES('AC266705A7CA50CA8F2F3E0581B9B8070ECC90517D641A5AA0E4B776E55395F9','{"Mint":{"Asset":{"destination":"coin#wonderland#e70121037287D2200EE4CAF41A9EA2D4B33C9D4FA441FABF44CF09F5D441AB301A4EA64D@looking_glass","object":"970"}}}');
INSERT INTO instructions VALUES('8797ACAE8246F92A8E671F406C42B793306C9FD1297FFD0E022E0464241DEE6B','{"Burn":{"Asset":{"destination":"coin#wonderland#e70121037287D2200EE4CAF41A9EA2D4B33C9D4FA441FABF44CF09F5D441AB301A4EA64D@looking_glass","object":"253"}}}');
INSERT INTO instructions VALUES('1FCBE43BC05CFB0A6DA50FA94D817AFDB0AFFD59DB5C7C42E936797DE2497C57','{"Transfer":{"Asset":{"Numeric":{"destination":"ed0120B23E14F659B91736AAB980B6ADDCE4B1DB8A138AB0267E049C082A744471714E@wonderland","object":"30","source":"coin#wonderland#e70121037287D2200EE4CAF41A9EA2D4B33C9D4FA441FABF44CF09F5D441AB301A4EA64D@looking_glass"}}}}');
INSERT INTO instructions VALUES('19DE1DA6C3CCF98E6C2FE7C561D7F358CC66A50300B55BFA37B2E033A619DCC7','{"Transfer":{"Asset":{"Numeric":{"destination":"ed0120B23E14F659B91736AAB980B6ADDCE4B1DB8A138AB0267E049C082A744471714E@wonderland","object":"210","source":"coin#wonderland#e70121037287D2200EE4CAF41A9EA2D4B33C9D4FA441FABF44CF09F5D441AB301A4EA64D@looking_glass"}}}}');
INSERT INTO instructions VALUES('084B0AC7E1F233BA28789C303A73E5B5CDBD7E1A834B00DEABF4D28C11887E79','{"Transfer":{"Asset":{"Numeric":{"destination":"ed0120B23E14F659B91736AAB980B6ADDCE4B1DB8A138AB0267E049C082A744471714E@wonderland","object":"888","source":"coin#wonderland#e70121037287D2200EE4CAF41A9EA2D4B33C9D4FA441FABF44CF09F5D441AB301A4EA64D@looking_glass"}}}}');
INSERT INTO instructions VALUES('CF49F8098F3749E325BB2695A1B1886F302B7B67F2CE7821D96E656E445A665D','{"Burn":{"Asset":{"destination":"coin#wonderland#e70121037287D2200EE4CAF41A9EA2D4B33C9D4FA441FABF44CF09F5D441AB301A4EA64D@looking_glass","object":"509"}}}');
INSERT INTO instructions VALUES('68FF9634F3C35A7C006D2D2E0CD458EE1878FC24D4330FAF4C5209964E3C1439','{"Mint":{"Asset":{"destination":"coin#wonderland#e70121037287D2200EE4CAF41A9EA2D4B33C9D4FA441FABF44CF09F5D441AB301A4EA64D@looking_glass","object":"786"}}}');
INSERT INTO instructions VALUES('015AC9577E779FCE8684FC376CB5249C725A592DDE12A7516D37532F83DFB67B','{"Burn":{"Asset":{"destination":"coin#wonderland#e70121037287D2200EE4CAF41A9EA2D4B33C9D4FA441FABF44CF09F5D441AB301A4EA64D@looking_glass","object":"18"}}}');
INSERT INTO instructions VALUES('E0BC487E2F60BB4A3C032844C08E5B4A803AF496A75D4157F9B19920717FB985','{"Mint":{"Asset":{"destination":"coin#wonderland#e70121037287D2200EE4CAF41A9EA2D4B33C9D4FA441FABF44CF09F5D441AB301A4EA64D@looking_glass","object":"438"}}}');
INSERT INTO instructions VALUES('51C16B9ACB7183ECC344A97F4A936F31B64C431F2A93C3045A1797752DD7CC3D','{"Transfer":{"Asset":{"Numeric":{"destination":"ed0120B23E14F659B91736AAB980B6ADDCE4B1DB8A138AB0267E049C082A744471714E@wonderland","object":"353","source":"coin#wonderland#e70121037287D2200EE4CAF41A9EA2D4B33C9D4FA441FABF44CF09F5D441AB301A4EA64D@looking_glass"}}}}');
INSERT INTO instructions VALUES('26EA802F4FFC731F007BCFC32A02CC2303BCACF791E0A86AFFAE5E15D2301C19','{"Burn":{"Asset":{"destination":"coin#wonderland#e70121037287D2200EE4CAF41A9EA2D4B33C9D4FA441FABF44CF09F5D441AB301A4EA64D@looking_glass","object":"645"}}}');
INSERT INTO instructions VALUES('9174EA81EB1F5E48F25BEFE112E3CE346C55F3CCC0106486AF5AA19BD00F30A7','{"Burn":{"Asset":{"destination":"coin#wonderland#e70121037287D2200EE4CAF41A9EA2D4B33C9D4FA441FABF44CF09F5D441AB301A4EA64D@looking_glass","object":"324"}}}');
INSERT INTO instructions VALUES('90B65D7C96B4B3B504D64010EC22188F314B4563AAE71BBBDD62842C41CE2DAF','{"Mint":{"Asset":{"destination":"coin#wonderland#e70121037287D2200EE4CAF41A9EA2D4B33C9D4FA441FABF44CF09F5D441AB301A4EA64D@looking_glass","object":"634"}}}');
INSERT INTO instructions VALUES('BD3D7F63350D9B2FBDCB076756A2663D96C5777EAC6E5B6A07250C8AC4F3D49F','{"Burn":{"Asset":{"destination":"coin#wonderland#e70121037287D2200EE4CAF41A9EA2D4B33C9D4FA441FABF44CF09F5D441AB301A4EA64D@looking_glass","object":"182"}}}');
INSERT INTO instructions VALUES('ECF48BFC193AAB817C736286A3880B47B6DEFF0DA0F51B39C51FD75FAC74A3A5','{"Burn":{"Asset":{"destination":"coin#wonderland#e70121037287D2200EE4CAF41A9EA2D4B33C9D4FA441FABF44CF09F5D441AB301A4EA64D@looking_glass","object":"803"}}}');
INSERT INTO instructions VALUES('0990277D93FB82F2A11181EF844C7A0D0D1F0ADE021C270CC06DA0B88C483DFF','{"Burn":{"Asset":{"destination":"coin#wonderland#e70121037287D2200EE4CAF41A9EA2D4B33C9D4FA441FABF44CF09F5D441AB301A4EA64D@looking_glass","object":"781"}}}');
INSERT INTO instructions VALUES('ACF59763B3E94882ABB843B7B8F4A3569373C6F02403A332E6D4D2E20C4AE68B','{"Mint":{"Asset":{"destination":"coin#wonderland#e70121037287D2200EE4CAF41A9EA2D4B33C9D4FA441FABF44CF09F5D441AB301A4EA64D@looking_glass","object":"93"}}}');
INSERT INTO instructions VALUES('D6F416BC61C738A5FDAFF515CED900D554698C5B0704B8D6579F297E01BA11C7','{"Transfer":{"Asset":{"Numeric":{"destination":"ed0120B23E14F659B91736AAB980B6ADDCE4B1DB8A138AB0267E049C082A744471714E@wonderland","object":"372","source":"coin#wonderland#e70121037287D2200EE4CAF41A9EA2D4B33C9D4FA441FABF44CF09F5D441AB301A4EA64D@looking_glass"}}}}');
INSERT INTO instructions VALUES('4E9A04DEC841A55BFC8A0C2AEC6D403479EDDA6E03DCB316FD14E3A4A6335363','{"Burn":{"Asset":{"destination":"coin#wonderland#e70121037287D2200EE4CAF41A9EA2D4B33C9D4FA441FABF44CF09F5D441AB301A4EA64D@looking_glass","object":"825"}}}');
INSERT INTO instructions VALUES('1E0128C3441125109A7913E21307AF03CA76A1773467C0DD227D43A348704313','{"Mint":{"Asset":{"destination":"coin#wonderland#e70121037287D2200EE4CAF41A9EA2D4B33C9D4FA441FABF44CF09F5D441AB301A4EA64D@looking_glass","object":"778"}}}');
INSERT INTO instructions VALUES('F93D935634922C763AE3C1E5BD5159BF3C1B9A8B17034BB477929227B99D3E21','{"Burn":{"Asset":{"destination":"coin#wonderland#e70121037287D2200EE4CAF41A9EA2D4B33C9D4FA441FABF44CF09F5D441AB301A4EA64D@looking_glass","object":"140"}}}');
INSERT INTO instructions VALUES('1C870B52B756EA06575F1461B35E79AC2AB9777DBE845E25439F6BD9E28CE0D1','{"Burn":{"Asset":{"destination":"coin#wonderland#e70121037287D2200EE4CAF41A9EA2D4B33C9D4FA441FABF44CF09F5D441AB301A4EA64D@looking_glass","object":"367"}}}');
INSERT INTO instructions VALUES('2AEC6DE5FC35725251BB863F984E52D2EF98B31F8EBFAB02DD1FCF4A0ECE5F49','{"Burn":{"Asset":{"destination":"coin#wonderland#e70121037287D2200EE4CAF41A9EA2D4B33C9D4FA441FABF44CF09F5D441AB301A4EA64D@looking_glass","object":"345"}}}');
INSERT INTO instructions VALUES('EFDD56E0854EEE79C96054F12270E4A63B6C68EDB2A5FAFA3C5C118A14E064A9','{"Mint":{"Asset":{"destination":"coin#wonderland#e70121037287D2200EE4CAF41A9EA2D4B33C9D4FA441FABF44CF09F5D441AB301A4EA64D@looking_glass","object":"769"}}}');
INSERT INTO instructions VALUES('6FBE423D73F27DB852647206740B302F097E2AC52D9B876F30D6CB2515F750E5','{"Transfer":{"Asset":{"Numeric":{"destination":"ed0120B23E14F659B91736AAB980B6ADDCE4B1DB8A138AB0267E049C082A744471714E@wonderland","object":"811","source":"coin#wonderland#e70121037287D2200EE4CAF41A9EA2D4B33C9D4FA441FABF44CF09F5D441AB301A4EA64D@looking_glass"}}}}');
INSERT INTO instructions VALUES('064E0369B75D709F4D86A0BAFD15C4A66836FCBD1348905408B276BED4BFCF27','{"Burn":{"Asset":{"destination":"coin#wonderland#e70121037287D2200EE4CAF41A9EA2D4B33C9D4FA441FABF44CF09F5D441AB301A4EA64D@looking_glass","object":"262"}}}');
INSERT INTO instructions VALUES('7C41864197EE2933D4ABB9A7BC3D2261CF76A32417B15FD17D872B7EADDCE415','{"Transfer":{"Asset":{"Numeric":{"destination":"ed0120B23E14F659B91736AAB980B6ADDCE4B1DB8A138AB0267E049C082A744471714E@wonderland","object":"333","source":"coin#wonderland#e70121037287D2200EE4CAF41A9EA2D4B33C9D4FA441FABF44CF09F5D441AB301A4EA64D@looking_glass"}}}}');
INSERT INTO instructions VALUES('EECF8813F17DE182082804EB38B278EDE15C2391AEBD35D7289B1A070E33C2E1','{"Mint":{"Asset":{"destination":"coin#wonderland#e70121037287D2200EE4CAF41A9EA2D4B33C9D4FA441FABF44CF09F5D441AB301A4EA64D@looking_glass","object":"742"}}}');
INSERT INTO instructions VALUES('B61BDF3419F16FD045950AF8AF50A6650D8F78431775E3A47633FFE07E347793','{"Transfer":{"Asset":{"Numeric":{"destination":"ed0120B23E14F659B91736AAB980B6ADDCE4B1DB8A138AB0267E049C082A744471714E@wonderland","object":"632","source":"coin#wonderland#e70121037287D2200EE4CAF41A9EA2D4B33C9D4FA441FABF44CF09F5D441AB301A4EA64D@looking_glass"}}}}');
INSERT INTO instructions VALUES('7018295DF27150EE560E0CF18DF39419F628D68A500348C4A3D0F88C7DEFABDD','{"Transfer":{"Asset":{"Numeric":{"destination":"ed0120B23E14F659B91736AAB980B6ADDCE4B1DB8A138AB0267E049C082A744471714E@wonderland","object":"550","source":"coin#wonderland#e70121037287D2200EE4CAF41A9EA2D4B33C9D4FA441FABF44CF09F5D441AB301A4EA64D@looking_glass"}}}}');
INSERT INTO instructions VALUES('BB88D341C436828F8519D7246155FE5B1985B4D7DECCC36BCD3D23ABDF582FE3','{"Transfer":{"Asset":{"Numeric":{"destination":"ed0120B23E14F659B91736AAB980B6ADDCE4B1DB8A138AB0267E049C082A744471714E@wonderland","object":"248","source":"coin#wonderland#e70121037287D2200EE4CAF41A9EA2D4B33C9D4FA441FABF44CF09F5D441AB301A4EA64D@looking_glass"}}}}');
INSERT INTO instructions VALUES('3BF61639F1DDDE67AFF0A4979FC1E388A887219C4C6D3124BA2B46597551F741','{"Transfer":{"Asset":{"Numeric":{"destination":"ed0120B23E14F659B91736AAB980B6ADDCE4B1DB8A138AB0267E049C082A744471714E@wonderland","object":"584","source":"coin#wonderland#e70121037287D2200EE4CAF41A9EA2D4B33C9D4FA441FABF44CF09F5D441AB301A4EA64D@looking_glass"}}}}');
INSERT INTO instructions VALUES('C1EEA47D656D6C83703FA2DE60E0CC0D301C905ED35E17FF03C4FC19F8DA5199','{"Mint":{"Asset":{"destination":"coin#wonderland#e70121037287D2200EE4CAF41A9EA2D4B33C9D4FA441FABF44CF09F5D441AB301A4EA64D@looking_glass","object":"179"}}}');
INSERT INTO instructions VALUES('050C34D41B321115793FD7DFDBC1E900B7424CE733A7513E6CEF70BFAA946FCD','{"Mint":{"Asset":{"destination":"coin#wonderland#e70121037287D2200EE4CAF41A9EA2D4B33C9D4FA441FABF44CF09F5D441AB301A4EA64D@looking_glass","object":"190"}}}');
INSERT INTO instructions VALUES('0607CF1A53EC42630E73D1A02FD79FAD92DB1486C16267FDC3B09BA244AC23F3','{"Burn":{"Asset":{"destination":"coin#wonderland#e70121037287D2200EE4CAF41A9EA2D4B33C9D4FA441FABF44CF09F5D441AB301A4EA64D@looking_glass","object":"704"}}}');
INSERT INTO instructions VALUES('F46BCD16C7CD384D7159F9B495B5D278BE9585B807D2C5CC80F7AD79A2E19173','{"Burn":{"Asset":{"destination":"coin#wonderland#e70121037287D2200EE4CAF41A9EA2D4B33C9D4FA441FABF44CF09F5D441AB301A4EA64D@looking_glass","object":"242"}}}');
INSERT INTO instructions VALUES('E8C885881FB287330351A4969C89B5AC586B492C9DEB6C73F1BEDC12D670BC59','{"Transfer":{"Asset":{"Numeric":{"destination":"ed0120B23E14F659B91736AAB980B6ADDCE4B1DB8A138AB0267E049C082A744471714E@wonderland","object":"952","source":"coin#wonderland#e70121037287D2200EE4CAF41A9EA2D4B33C9D4FA441FABF44CF09F5D441AB301A4EA64D@looking_glass"}}}}');
INSERT INTO instructions VALUES('B31381175BE9191E6CE4365FC9ADABA33CBE92075D9734F6718E8B076009426B','{"Transfer":{"Asset":{"Numeric":{"destination":"ed0120B23E14F659B91736AAB980B6ADDCE4B1DB8A138AB0267E049C082A744471714E@wonderland","object":"341","source":"coin#wonderland#e70121037287D2200EE4CAF41A9EA2D4B33C9D4FA441FABF44CF09F5D441AB301A4EA64D@looking_glass"}}}}');
INSERT INTO instructions VALUES('450173CC0164167C09A65A4DCECF8BB2AC1EC73035341FD584A98E28B534378D','{"Burn":{"Asset":{"destination":"coin#wonderland#e70121037287D2200EE4CAF41A9EA2D4B33C9D4FA441FABF44CF09F5D441AB301A4EA64D@looking_glass","object":"473"}}}');
INSERT INTO instructions VALUES('E8A65C938133F542BFEB182B48EEED3519BC5FB813DEB1CA48EA8DE7239C0285','{"Burn":{"Asset":{"destination":"coin#wonderland#e70121037287D2200EE4CAF41A9EA2D4B33C9D4FA441FABF44CF09F5D441AB301A4EA64D@looking_glass","object":"631"}}}');
INSERT INTO instructions VALUES('F892094B51118C9821A2D892AC09A462E977A20F2BF28BDA74A8A26F7ACE9D7F','{"Mint":{"Asset":{"destination":"coin#wonderland#e70121037287D2200EE4CAF41A9EA2D4B33C9D4FA441FABF44CF09F5D441AB301A4EA64D@looking_glass","object":"516"}}}');
INSERT INTO instructions VALUES('A8FA72B6A660D5C6AA808972FF5447895723DA86B55F7BB0EB0CC3D4BFB9C4BD','{"Mint":{"Asset":{"destination":"coin#wonderland#e70121037287D2200EE4CAF41A9EA2D4B33C9D4FA441FABF44CF09F5D441AB301A4EA64D@looking_glass","object":"926"}}}');
INSERT INTO instructions VALUES('82C251E645A3067C7766FEF695E5428EF4D695E817DD28AF73EBACF917B4B0F3','{"Transfer":{"Asset":{"Numeric":{"destination":"ed0120B23E14F659B91736AAB980B6ADDCE4B1DB8A138AB0267E049C082A744471714E@wonderland","object":"381","source":"coin#wonderland#e70121037287D2200EE4CAF41A9EA2D4B33C9D4FA441FABF44CF09F5D441AB301A4EA64D@looking_glass"}}}}');
INSERT INTO instructions VALUES('E3FCF0A606FC041277E0095868E0D32735E8F133FB0A852331175F4D8B702763','{"Mint":{"Asset":{"destination":"coin#wonderland#e70121037287D2200EE4CAF41A9EA2D4B33C9D4FA441FABF44CF09F5D441AB301A4EA64D@looking_glass","object":"226"}}}');
INSERT INTO instructions VALUES('C017FC2974B62DB53C20476BD137340D4A92473832CB66AF96F5C294A6A68653','{"Burn":{"Asset":{"destination":"coin#wonderland#e70121037287D2200EE4CAF41A9EA2D4B33C9D4FA441FABF44CF09F5D441AB301A4EA64D@looking_glass","object":"711"}}}');
INSERT INTO instructions VALUES('B84D037807A1F00FA765E1B8C2874CAD5A3F564207AB009FD6DF3B2F52A9E6B9','{"Transfer":{"Asset":{"Numeric":{"destination":"ed0120B23E14F659B91736AAB980B6ADDCE4B1DB8A138AB0267E049C082A744471714E@wonderland","object":"724","source":"coin#wonderland#e70121037287D2200EE4CAF41A9EA2D4B33C9D4FA441FABF44CF09F5D441AB301A4EA64D@looking_glass"}}}}');
INSERT INTO instructions VALUES('9EFADFEE30CC584473379674CDD5A6B289C21DA10CC168960A7AE904EEFAF16B','{"Transfer":{"Asset":{"Numeric":{"destination":"ed0120B23E14F659B91736AAB980B6ADDCE4B1DB8A138AB0267E049C082A744471714E@wonderland","object":"963","source":"coin#wonderland#e70121037287D2200EE4CAF41A9EA2D4B33C9D4FA441FABF44CF09F5D441AB301A4EA64D@looking_glass"}}}}');
INSERT INTO instructions VALUES('8D54C3627CD3CE100FAE194B3662977A1EB1B0B28EC61D7E95136CEF8DA7D89F','{"Mint":{"Asset":{"destination":"coin#wonderland#e70121037287D2200EE4CAF41A9EA2D4B33C9D4FA441FABF44CF09F5D441AB301A4EA64D@looking_glass","object":"678"}}}');
INSERT INTO instructions VALUES('00089DAC1CDF30AE02FD575A9FDA15C380D922F0DB3EF17BE86EDE68E124A65F','{"Burn":{"Asset":{"destination":"coin#wonderland#e70121037287D2200EE4CAF41A9EA2D4B33C9D4FA441FABF44CF09F5D441AB301A4EA64D@looking_glass","object":"72"}}}');
INSERT INTO instructions VALUES('7A6C9E224EE1A70044B576160E8B939B89FA5523A99D6C24B1470BD7DE534303','{"Transfer":{"Asset":{"Numeric":{"destination":"ed0120B23E14F659B91736AAB980B6ADDCE4B1DB8A138AB0267E049C082A744471714E@wonderland","object":"686","source":"coin#wonderland#e70121037287D2200EE4CAF41A9EA2D4B33C9D4FA441FABF44CF09F5D441AB301A4EA64D@looking_glass"}}}}');
INSERT INTO instructions VALUES('5474D26F9AA804FEB7F4849DEEFC266F85A65B31D2694097E09E096ADF1CE9CD','{"Burn":{"Asset":{"destination":"coin#wonderland#e70121037287D2200EE4CAF41A9EA2D4B33C9D4FA441FABF44CF09F5D441AB301A4EA64D@looking_glass","object":"960"}}}');
INSERT INTO instructions VALUES('A0C9F31C59169F2BF9DE0A33A89DBCDF5299C13837F717201F5E7F163F57016B','{"Burn":{"Asset":{"destination":"coin#wonderland#e70121037287D2200EE4CAF41A9EA2D4B33C9D4FA441FABF44CF09F5D441AB301A4EA64D@looking_glass","object":"485"}}}');
INSERT INTO instructions VALUES('65469F47F8F6C124F6A54150632EEFE2B2CF7CE7C9A7F8806B5B2F1E66D0C907','{"Transfer":{"Asset":{"Numeric":{"destination":"ed0120B23E14F659B91736AAB980B6ADDCE4B1DB8A138AB0267E049C082A744471714E@wonderland","object":"930","source":"coin#wonderland#e70121037287D2200EE4CAF41A9EA2D4B33C9D4FA441FABF44CF09F5D441AB301A4EA64D@looking_glass"}}}}');
INSERT INTO instructions VALUES('069F43A29AB2206F4332654DEA67820C59FF8E345AF0DB2C4FF8E693DA79648D','{"Burn":{"Asset":{"destination":"coin#wonderland#e70121037287D2200EE4CAF41A9EA2D4B33C9D4FA441FABF44CF09F5D441AB301A4EA64D@looking_glass","object":"219"}}}');
INSERT INTO instructions VALUES('0F9CE6B0757440E770361007D7F6B11E82CA5E1A6A10768AB97CE4C92B3F1F21','{"Mint":{"Asset":{"destination":"coin#wonderland#e70121037287D2200EE4CAF41A9EA2D4B33C9D4FA441FABF44CF09F5D441AB301A4EA64D@looking_glass","object":"936"}}}');
INSERT INTO instructions VALUES('AD80CF76E59E45B44E23F48952B17F0548DDA50E09FAFACB06F73062CE6CF749','{"Burn":{"Asset":{"destination":"coin#wonderland#e70121037287D2200EE4CAF41A9EA2D4B33C9D4FA441FABF44CF09F5D441AB301A4EA64D@looking_glass","object":"890"}}}');
INSERT INTO instructions VALUES('4302AEBE863330EDBBC286928C85B8563E024A2C6FB05FE80205B44CD10122E3','{"Mint":{"Asset":{"destination":"coin#wonderland#e70121037287D2200EE4CAF41A9EA2D4B33C9D4FA441FABF44CF09F5D441AB301A4EA64D@looking_glass","object":"593"}}}');
COMMIT;
