PRAGMA foreign_keys=OFF;
BEGIN TRANSACTION;
INSERT INTO blocks VALUES(1,'224f7f15a87a27af5bec0df7284d41b85a37842693a7511d70779b3356b6025f',NULL,'a5fa92f52d028a3f9d72029851fb24e69588140f14fab6b46f328ab10e09f763','2024-09-10T22:21:13.567+00:00',0,NULL);
INSERT INTO blocks VALUES(2,'f57039098960d23e534b0c0549fb9b5b2556b6eea448268000da914d2b586e59','224f7f15a87a27af5bec0df7284d41b85a37842693a7511d70779b3356b6025f','eea4c4ee072cf48647fb2e9d6a46d7fbc74def5ec780371b325912d001ed0765','2024-09-10T22:24:58.834+00:00',6000,NULL);
INSERT INTO blocks VALUES(3,'f46570559f65c1482628dacc182fbb2aac77f10eb5d7b8e08ea5248ff6bbc8c1','f57039098960d23e534b0c0549fb9b5b2556b6eea448268000da914d2b586e59','4758d061fcda0e50a3dabd1423e7e597d76a6e1f4697ea187178b0ea63618133','2024-09-10T22:25:01.844+00:00',6000,NULL);
INSERT INTO blocks VALUES(4,'6bbcce26b775c80c32a1edf00b51e41bb1c04de5f36b4a54499f704fac4f2857','f46570559f65c1482628dacc182fbb2aac77f10eb5d7b8e08ea5248ff6bbc8c1','c8d2f41f51419019f300664130a64726fe7a111f8d22b74e0edc0ea87e6c52e7','2024-09-10T22:25:04.850+00:00',6000,NULL);
INSERT INTO blocks VALUES(5,'d3e41d900ac2c19bdf82d6e16d5d6d9a132a57167eb264aebc4b2ad4ac1c657d','6bbcce26b775c80c32a1edf00b51e41bb1c04de5f36b4a54499f704fac4f2857','a3f2e95b4aa61434c95df5b5bb38e50829cd6b481ff8ed6fdc39805a924c9773','2024-09-10T22:25:07.857+00:00',6000,NULL);
INSERT INTO blocks VALUES(6,'6fdd88773ee5337f20476e11c675b6fbe3d633a97d72cbd73b209ca958d9ac2f','d3e41d900ac2c19bdf82d6e16d5d6d9a132a57167eb264aebc4b2ad4ac1c657d','b0e730f1bb1138f924d81fd798fc8d1a2eac28d950f41eb67bc32184572a1397','2024-09-11T00:45:06.169+00:00',6000,NULL);
INSERT INTO blocks VALUES(7,'69bf381b722330e153082f18029383cac8117d9b78de148899b352bccf04e49f','6fdd88773ee5337f20476e11c675b6fbe3d633a97d72cbd73b209ca958d9ac2f','16ae2790b3abb2fa823901646a276d6b9bed33d517b87f863f873acbd80ead15','2024-09-11T00:45:09.170+00:00',6000,NULL);
INSERT INTO blocks VALUES(8,'edbf29db3ddb9fa1f4569d5e31e74a754babeb9cdb6e817643d3795fac2a5a83','69bf381b722330e153082f18029383cac8117d9b78de148899b352bccf04e49f','2196afcef55dae2e5d544d59937424eafa405f298979d860dea4926f2875e169','2024-09-11T00:45:12.179+00:00',6000,NULL);
INSERT INTO blocks VALUES(9,'17ca3ce47979539c1f88586963acc2db29bd9d65b0e6852a714a1164e708ea5b','edbf29db3ddb9fa1f4569d5e31e74a754babeb9cdb6e817643d3795fac2a5a83','fd7fb8e0648bbf0a1d773b3148cb20dbfd615c6f58e761d06afe2daab774b15b','2024-09-11T00:45:15.183+00:00',6000,NULL);
INSERT INTO blocks VALUES(10,'6ae7b62ebdb4429bb5210a894852be92a0a5776d112371e903f73951c0310a03','17ca3ce47979539c1f88586963acc2db29bd9d65b0e6852a714a1164e708ea5b','363dddac436d060b06717922dd993722bde4e04b1fa334e440f096519fe346bf','2024-09-11T00:45:18.188+00:00',6000,NULL);
INSERT INTO blocks VALUES(11,'77fbdc5bc40803c6bb8fbc05964813dc2ae3db1fc9cb745718dbe2b60cd882fd','6ae7b62ebdb4429bb5210a894852be92a0a5776d112371e903f73951c0310a03','974f0df60f15884d3dae4bd81c6e87d5c1d2d70d7cf66018b29651761b89a1eb','2024-09-11T00:45:21.189+00:00',6000,NULL);
INSERT INTO blocks VALUES(12,'2968ab2e40b61f36375eef3d9b1b611fb77dd0117ed5cf752b75abe7b83a1723','77fbdc5bc40803c6bb8fbc05964813dc2ae3db1fc9cb745718dbe2b60cd882fd','be4013a69011e14be9ca407088b610925e74338109850e902207b4ee5bd919e5','2024-09-11T00:45:24.198+00:00',6000,NULL);
INSERT INTO blocks VALUES(13,'78bb7f6538e9d7159c0afca69b486f14ecfc268bfc39cd32134f8d4b293c7887','2968ab2e40b61f36375eef3d9b1b611fb77dd0117ed5cf752b75abe7b83a1723','d69c5d01e9b68103d8b03da24ed42a9e4db3c3b455d2cf65c9e4d6c29911e6ab','2024-09-11T00:45:27.202+00:00',6000,NULL);
INSERT INTO blocks VALUES(14,'4994be714e6d546004d1eb0fda2606a9000f832db35b5362fb7b385d319a2225','78bb7f6538e9d7159c0afca69b486f14ecfc268bfc39cd32134f8d4b293c7887','5f7db0ede6654dce6dc64ffaeabaa119c8ff0f359212073cca0d4e9a2d4f2bcf','2024-09-11T00:45:30.208+00:00',6000,NULL);
INSERT INTO blocks VALUES(15,'bf258d70faca07efe964db9f030c0d670ead55adbdff8cd48f8dc347afad097b','4994be714e6d546004d1eb0fda2606a9000f832db35b5362fb7b385d319a2225','59247f14d1d6d03f6bad24b94fbdc097bf79cb836f9b360be092dfc35c7943cb','2024-09-11T00:45:33.215+00:00',6000,NULL);
INSERT INTO blocks VALUES(16,'60b235b486c80084f52a04cf38909dcf1022547536dacb75cc7548aadb154fc5','bf258d70faca07efe964db9f030c0d670ead55adbdff8cd48f8dc347afad097b','8768a28b8d7a96b6835afe34934e87b9415fd6d8702e7dc3afcf288f13719ae1','2024-09-11T00:45:36.218+00:00',6000,NULL);
INSERT INTO blocks VALUES(17,'a9542b47f8ad0ac95660f7374d9af8693b22844535ed25e6f56587b63a4f3903','60b235b486c80084f52a04cf38909dcf1022547536dacb75cc7548aadb154fc5','dcbd1baebd5c99ba4136e19626c3d0e15766f08b3c338e566c79c92845947241','2024-09-11T00:45:39.225+00:00',6000,NULL);
INSERT INTO blocks VALUES(18,'f24b03691b424cecd8d1cd5e94888909ec1ad85e8428189398d049240e922375','a9542b47f8ad0ac95660f7374d9af8693b22844535ed25e6f56587b63a4f3903','b2ddbd28b94d8dbd7cef9566463db5b4271bf07e4215c805899ae2b3cd125fa7','2024-09-11T00:45:42.228+00:00',6000,NULL);
INSERT INTO blocks VALUES(19,'c9160a397fbe6392d1fbc9b4ca4340a460238d0f2a2fb2e27d296476e91c342f','f24b03691b424cecd8d1cd5e94888909ec1ad85e8428189398d049240e922375','89b76ac3306dcc075b32651e00cac0443ea64d35aab8285152b1d4ab08b80233','2024-09-11T00:45:45.236+00:00',6000,NULL);
INSERT INTO blocks VALUES(20,'ee75cec5040651700a36f07725d436183a9e8d4edcdc02c9fbd2d2a4b5c95f51','c9160a397fbe6392d1fbc9b4ca4340a460238d0f2a2fb2e27d296476e91c342f','9c176a5a8204ac1e3740e13fa64ac5e52312df68f59187ebfd9ecc6985ad86ff','2024-09-11T00:45:48.239+00:00',6000,NULL);
INSERT INTO blocks VALUES(21,'f0b762a5546a28dd4ecdc47bb0920b79fffc68dc26e48474f2c8bcd3a59b2e47','ee75cec5040651700a36f07725d436183a9e8d4edcdc02c9fbd2d2a4b5c95f51','1594f8922bdb2a8300cb7cbff7dabffb9764ce02b8c7c30e3f6f8bcda9992e45','2024-09-11T00:45:51.244+00:00',6000,NULL);
INSERT INTO domains VALUES('genesis',NULL,'{}');
INSERT INTO domains VALUES('looking_glass',NULL,'{"foo":{"bar":false}}');
INSERT INTO domains VALUES('wonderland',NULL,'{"rand-0.009162167398916177":[0,1,2,0.009162167398916177],"rand-0.04339914887107921":[0,1,2,0.04339914887107921],"rand-0.04457981325314209":[0,1,2,0.04457981325314209],"rand-0.11308556750697063":[0,1,2,0.11308556750697064],"rand-0.14892351115726488":[0,1,2,0.14892351115726488],"rand-0.16819616916527247":[0,1,2,0.16819616916527247],"rand-0.19883415005478344":[0,1,2,0.19883415005478344],"rand-0.20676934049629714":[0,1,2,0.2067693404962971],"rand-0.22435053204199984":[0,1,2,0.22435053204199984],"rand-0.24248305017576732":[0,1,2,0.24248305017576732],"rand-0.26111181990929344":[0,1,2,0.26111181990929344],"rand-0.27305621363426225":[0,1,2,0.27305621363426225],"rand-0.302665198750246":[0,1,2,0.302665198750246],"rand-0.3549676875300418":[0,1,2,0.3549676875300418],"rand-0.3964422026407102":[0,1,2,0.3964422026407102],"rand-0.40475951433890023":[0,1,2,0.40475951433890023],"rand-0.43243784459884127":[0,1,2,0.43243784459884127],"rand-0.5171967440035778":[0,1,2,0.5171967440035778],"rand-0.5787887083280621":[0,1,2,0.5787887083280621],"rand-0.58978088319587":[0,1,2,0.58978088319587],"rand-0.6872213683650643":[0,1,2,0.6872213683650643],"rand-0.7211200806902991":[0,1,2,0.7211200806902991],"rand-0.8157606199077243":[0,1,2,0.8157606199077243],"rand-0.8287171031483009":[0,1,2,0.8287171031483009],"rand-0.9878136796782111":[0,1,2,0.9878136796782112]}');
INSERT INTO accounts VALUES('ed01204164BF554923ECE1FD412D241036D863A6AE430476C898248B8237D77534CFC4','genesis','{}');
INSERT INTO accounts VALUES('e70121037287D2200EE4CAF41A9EA2D4B33C9D4FA441FABF44CF09F5D441AB301A4EA64D','looking_glass','{"key_pair_alg":"secp256k1","key_pair_seed_hex":"deadbeef"}');
INSERT INTO accounts VALUES('ed0120B23E14F659B91736AAB980B6ADDCE4B1DB8A138AB0267E049C082A744471714E','wonderland','{}');
INSERT INTO domain_owners VALUES('ed01204164BF554923ECE1FD412D241036D863A6AE430476C898248B8237D77534CFC4','genesis','genesis');
INSERT INTO domain_owners VALUES('ed0120B23E14F659B91736AAB980B6ADDCE4B1DB8A138AB0267E049C082A744471714E','wonderland','looking_glass');
INSERT INTO domain_owners VALUES('ed0120B23E14F659B91736AAB980B6ADDCE4B1DB8A138AB0267E049C082A744471714E','wonderland','wonderland');
INSERT INTO asset_definitions VALUES('roses','looking_glass','ed0120B23E14F659B91736AAB980B6ADDCE4B1DB8A138AB0267E049C082A744471714E','wonderland',NULL,'{}','Infinitely','Store');
INSERT INTO asset_definitions VALUES('roses','wonderland','ed0120B23E14F659B91736AAB980B6ADDCE4B1DB8A138AB0267E049C082A744471714E','wonderland',NULL,'{}','Not','Numeric');
INSERT INTO assets VALUES('roses','wonderland','e70121037287D2200EE4CAF41A9EA2D4B33C9D4FA441FABF44CF09F5D441AB301A4EA64D','looking_glass','{"kind":"Numeric","value":"100500"}');
INSERT INTO transactions VALUES('150325f9cd93ba26db80bcfa4cc661bfc3a1dad22c95ae07824c04c750127581',21,'2024-09-11T00:45:48.372+00:00','ed0120B23E14F659B91736AAB980B6ADDCE4B1DB8A138AB0267E049C082A744471714E','wonderland','5805F26165CD9662BD0F16D1618198444B6AA13E37813FBBE110F1EF67A7B8B019EA90E181814F8B24DD7AB1C0FEE55D815769A5EA128475E871645ACB07F109',NULL,'{}',NULL,'Instructions','{"Validation":{"InstructionFailed":{"Find":{"AssetDefinition":"coin#wonderland"}}}}');
INSERT INTO transactions VALUES('c27f806738b0c4f5c355ea5c7f3ea5209ca09c0606d3fa2c8f533040b5a29433',21,'2024-09-11T00:45:49.880+00:00','ed0120B23E14F659B91736AAB980B6ADDCE4B1DB8A138AB0267E049C082A744471714E','wonderland','F04CE59772595C05349CEBA3C9E4DE4605705EA8F2FE75BE1174A4A80EB931A18C60B56F20DC613902D6164DA6E73430D719455C07FD8FB7B5EFB3D53AC4B50A',NULL,'{}',NULL,'Instructions','{"Validation":{"InstructionFailed":{"Find":{"AssetDefinition":"coin#wonderland"}}}}');
INSERT INTO transactions VALUES('37e89ced73960d975763807b8e07048c6e47c1082cfa5cb30933c33c30f6f8b1',20,'2024-09-11T00:45:45.356+00:00','ed0120B23E14F659B91736AAB980B6ADDCE4B1DB8A138AB0267E049C082A744471714E','wonderland','F227D7E889FB56D4E488C4566FAE611A0A025B31B24BD357F9BC7D11FD7170114DD86102C3D146A65483BA4B7021D730D09FA59B35A615E3B511B2ED6EE6DA06',NULL,'{}',NULL,'Instructions','{"Validation":{"InstructionFailed":{"Find":{"AssetDefinition":"coin#wonderland"}}}}');
INSERT INTO transactions VALUES('e609122f20ac37e9e18d47c4c6fbcde784d2a8a0660438ccee053b7bedcf0f75',20,'2024-09-11T00:45:46.864+00:00','ed0120B23E14F659B91736AAB980B6ADDCE4B1DB8A138AB0267E049C082A744471714E','wonderland','8749BC2A38D2A142C6909047C067D499C710B6EC8B36822449022B8E550EA9C55FA66E2DEBC38FD5092363A63380302EAD91F9D0BF506B07F01D1455345CD708',NULL,'{}',NULL,'Instructions','{"Validation":{"InstructionFailed":{"Find":{"AssetDefinition":"coin#wonderland"}}}}');
INSERT INTO transactions VALUES('3825fd30069acfe5a0ce0bb3b9f3929810aa7c6f1de6e89927a6222b1f77cd3d',19,'2024-09-11T00:45:42.340+00:00','ed0120B23E14F659B91736AAB980B6ADDCE4B1DB8A138AB0267E049C082A744471714E','wonderland','ED6E8E72A728ED4C9AB45B87F34D43585756DE809AF6612C6686EBC9473007ED67BEE384BABF7060924BEE68901F9B24F5820FEA102C3BC991AE9835F2B7630B',NULL,'{}',NULL,'Instructions','{"Validation":{"InstructionFailed":{"Find":{"AssetDefinition":"coin#wonderland"}}}}');
INSERT INTO transactions VALUES('698697647b2a8f86a505368bed18abfa09659c408d5826bf69fe77bc7f12c65f',19,'2024-09-11T00:45:43.845+00:00','ed0120B23E14F659B91736AAB980B6ADDCE4B1DB8A138AB0267E049C082A744471714E','wonderland','CDA155987E00CF0E65771567FC9699ED8D50AA59FDC79F79861A4883DB60C23B1EFC6D22F876F33F2B0545DBF23846B7F128FC043B2F19A098B13F8424DF110E',NULL,'{}',NULL,'Instructions','{"Validation":{"InstructionFailed":{"Find":{"AssetDefinition":"coin#wonderland"}}}}');
INSERT INTO transactions VALUES('26feceaaf057950b44f227cdc4505af6ef957f5943f574927bc13f90521b9ebf',18,'2024-09-11T00:45:39.326+00:00','ed0120B23E14F659B91736AAB980B6ADDCE4B1DB8A138AB0267E049C082A744471714E','wonderland','8CD78C16843E322CEBD8DEC7E7B2AAC145CEB32658EC3203B8E1B049D495BFAEA3E310C05E3E43328BBAFA4455332E8714D1B268150F0D42860C4E44D40C5F0F',NULL,'{}',NULL,'Instructions','{"Validation":{"InstructionFailed":{"Find":{"AssetDefinition":"coin#wonderland"}}}}');
INSERT INTO transactions VALUES('54cdfa868ecb6b71bf5630a0b3b556b5fb6e3f2fa0ef67259d31e28506116559',18,'2024-09-11T00:45:40.834+00:00','ed0120B23E14F659B91736AAB980B6ADDCE4B1DB8A138AB0267E049C082A744471714E','wonderland','12D05CDC1A0D206A30EB51BEF6AE6E525BFFFB6033CEA470008B88F14FBF51F9328125921B7C09B1F545F472C62B3D46FFEB1A687B850A0B908C8C9A2B513205',NULL,'{}',NULL,'Instructions','{"Validation":{"InstructionFailed":{"Find":{"AssetDefinition":"coin#wonderland"}}}}');
INSERT INTO transactions VALUES('a4fc3cc4f84ce1bf16214ba62bdbb0715644fb9ef01e995dd2ad8ed92842d0c5',17,'2024-09-11T00:45:36.315+00:00','ed0120B23E14F659B91736AAB980B6ADDCE4B1DB8A138AB0267E049C082A744471714E','wonderland','AD12BB6C07AB6AFE2C636D01B8EFB2A91CD947646C960173676D6CF64F5FA96F1C57D0F9FD6631341AA97BC9616E1AA973731EA38B5823A0D740561452452E09',NULL,'{}',NULL,'Instructions','{"Validation":{"InstructionFailed":{"Find":{"AssetDefinition":"coin#wonderland"}}}}');
INSERT INTO transactions VALUES('9ffb3ce46f69a55246291f7260e666dac4aae4db8527c40de90ea68cbc173723',17,'2024-09-11T00:45:37.819+00:00','ed0120B23E14F659B91736AAB980B6ADDCE4B1DB8A138AB0267E049C082A744471714E','wonderland','66E97D92BE7825A6D45FD7F1BB4E5228E79DA5BCECFC920C32A9302BE4BD10F951C300FC95BC1C0F77CD2CDF309A4CB14894B2B2B047C5B6FC62DBCBD6F3170D',NULL,'{}',NULL,'Instructions','{"Validation":{"InstructionFailed":{"Find":{"AssetDefinition":"coin#wonderland"}}}}');
INSERT INTO transactions VALUES('7356593b4412b97a74df38ce23b7f5fd9d597afed669cbfd12b52e3170f4555f',16,'2024-09-11T00:45:33.304+00:00','ed0120B23E14F659B91736AAB980B6ADDCE4B1DB8A138AB0267E049C082A744471714E','wonderland','6AC1C17B73E6DB2795578DB32260DB9B2236F717EC9E3FFC5B283EBAAA9B113C39BD142135993282F52EC97D26DC98ADA0537832BF685ECC5DA705D2AD89AC04',NULL,'{}',NULL,'Instructions','{"Validation":{"InstructionFailed":{"Find":{"AssetDefinition":"coin#wonderland"}}}}');
INSERT INTO transactions VALUES('1b0dc20afc3cba71e504d4988f5367f0549a0c423473e6af4f223f9ce5e8e5f1',16,'2024-09-11T00:45:34.810+00:00','ed0120B23E14F659B91736AAB980B6ADDCE4B1DB8A138AB0267E049C082A744471714E','wonderland','883FEEBDA4F61721243D345AB50EFDF01083C3289027D8F2B5F89B1C78E26C81D603E3FA5CFB5F65FDD11E37434A6A82B6D455B4267E9C4D70159D1824549B0D',NULL,'{}',NULL,'Instructions','{"Validation":{"InstructionFailed":{"Find":{"AssetDefinition":"coin#wonderland"}}}}');
INSERT INTO transactions VALUES('62394d85cabbd01392b65778f2d6c29a442a72711211320d288642a63bccde21',15,'2024-09-11T00:45:30.290+00:00','ed0120B23E14F659B91736AAB980B6ADDCE4B1DB8A138AB0267E049C082A744471714E','wonderland','FD2FEF1ADC1A89E07BF7DE29B8B04AFFD5D6ED1FB7A27C0D5511DC5F4D19A2C67002C34D67F2B297A77CDC79EB6AC23632874B0AEC44DA8422F66B81ADA0E10C',NULL,'{}',NULL,'Instructions','{"Validation":{"InstructionFailed":{"Find":{"AssetDefinition":"coin#wonderland"}}}}');
INSERT INTO transactions VALUES('0df42325ac9acad15e568f0fb0064789321febbbd0b3eb2b020079737733784f',15,'2024-09-11T00:45:31.797+00:00','ed0120B23E14F659B91736AAB980B6ADDCE4B1DB8A138AB0267E049C082A744471714E','wonderland','22E1C44DF8E6B6B312D41C8DABA76707ADC3AB09F9BD82C8DD5D675E22C817D357D5CE5499F7181BA78873E63591708CA7B377030EDBA039CED038A90159CE0C',NULL,'{}',NULL,'Instructions','{"Validation":{"InstructionFailed":{"Find":{"AssetDefinition":"coin#wonderland"}}}}');
INSERT INTO transactions VALUES('ce7e1abdb869e4ee4be1ea05e26e19302b2772426a4fe00f4f004406d466d5ab',14,'2024-09-11T00:45:27.275+00:00','ed0120B23E14F659B91736AAB980B6ADDCE4B1DB8A138AB0267E049C082A744471714E','wonderland','DA1DADC9CD7F4A01D12B024DCB85B1A8449F962FFA8E694606DC2A5A4052E10844C899C17625663BA3429BE3ADD2830B88A77204A668AF2368248E9AD7351D0B',NULL,'{}',NULL,'Instructions','{"Validation":{"InstructionFailed":{"Find":{"AssetDefinition":"coin#wonderland"}}}}');
INSERT INTO transactions VALUES('d06054735ab6ca37e66c0c67ceb487900135242be230af150040791f3e01ab29',14,'2024-09-11T00:45:28.783+00:00','ed0120B23E14F659B91736AAB980B6ADDCE4B1DB8A138AB0267E049C082A744471714E','wonderland','75987CD44DA0DF6E638482E6AF65EAD8840C751415D6A7190A9BAA08960A7F3C0425845B3901B38F300E2A2785CDBF4CF11B84E074B7F372CDBD74A068458C0A',NULL,'{}',NULL,'Instructions','{"Validation":{"InstructionFailed":{"Find":{"AssetDefinition":"coin#wonderland"}}}}');
INSERT INTO transactions VALUES('0dd5f6369661f7738c21c2ade28c7c8852b336f06c95243c30ce2d982ffc426b',13,'2024-09-11T00:45:24.259+00:00','ed0120B23E14F659B91736AAB980B6ADDCE4B1DB8A138AB0267E049C082A744471714E','wonderland','9F90DC4A713E95E1654946AB17036A559BFC5BB4FE2F986FA67F6FFD9479E820B8940A502CF50B5ACB0FB5AB91445D28C1003E1B3D3A3D49FF3DA450BBDD0405',NULL,'{}',NULL,'Instructions','{"Validation":{"InstructionFailed":{"Find":{"AssetDefinition":"coin#wonderland"}}}}');
INSERT INTO transactions VALUES('4f497e6d733e3b6db060ac8cdc181fd3da0ec612ad276472718bde54662bbb55',13,'2024-09-11T00:45:25.764+00:00','ed0120B23E14F659B91736AAB980B6ADDCE4B1DB8A138AB0267E049C082A744471714E','wonderland','5F2920276F6FDA6001886901789E4EC80B7AB912A8231715F9B1E39CBC0E4FCD683D45A2E0AE6C3C53BB61057641E0019FD24FDD7E35EAA75C430E6761AAD507',NULL,'{}',NULL,'Instructions','{"Validation":{"InstructionFailed":{"Find":{"AssetDefinition":"coin#wonderland"}}}}');
INSERT INTO transactions VALUES('bdedf2c17d9ca5c55092651e71e5ab9e0cae864874a9c948dff09535c96060a1',12,'2024-09-11T00:45:21.229+00:00','ed0120B23E14F659B91736AAB980B6ADDCE4B1DB8A138AB0267E049C082A744471714E','wonderland','93C9CE2BC400F3B580F081F410D393762349176ED093E18F86B177AF03DC9CC9335D4CCD910E0C617AD0ED0F11C2B5CADF560492635837C22CBDCADEDA4F830B',NULL,'{}',NULL,'Instructions','{"Validation":{"InstructionFailed":{"Find":{"AssetDefinition":"coin#wonderland"}}}}');
INSERT INTO transactions VALUES('71608ab9f702f382fbca67266f10c55793fecf3b39768780f660b7ff561a6b71',12,'2024-09-11T00:45:22.731+00:00','ed0120B23E14F659B91736AAB980B6ADDCE4B1DB8A138AB0267E049C082A744471714E','wonderland','D9B0A8BE4E062A21A460B2CC48D88AAACF6278A46957C630622AF18434004955AA619D15D616888D73BF16D8A68B35EB4D6D02393F1717DBF74587DDF7583D07',NULL,'{}',NULL,'Instructions','{"Validation":{"InstructionFailed":{"Find":{"AssetDefinition":"coin#wonderland"}}}}');
INSERT INTO transactions VALUES('681d75a5cff10426b7d49602a1298deff077737235dfd259243de7a2671ef3ed',11,'2024-09-11T00:45:18.221+00:00','ed0120B23E14F659B91736AAB980B6ADDCE4B1DB8A138AB0267E049C082A744471714E','wonderland','0149E5E7CE47EDC6F5E55C04223A1C1FAFB6F9D09D681F84D3A0C343993F9B5C5D4A4F02ABEB51747E43731276474DDB6828C4C7FB8D20A6DCBFF98DD9059706',NULL,'{}',NULL,'Instructions','{"Validation":{"InstructionFailed":{"Find":{"AssetDefinition":"coin#wonderland"}}}}');
INSERT INTO transactions VALUES('bfc9ac318f2db77ec72c9cfc36fe11bdffdf4f18d899c78f33edf0d155873f71',11,'2024-09-11T00:45:19.725+00:00','ed0120B23E14F659B91736AAB980B6ADDCE4B1DB8A138AB0267E049C082A744471714E','wonderland','80615846FC0D68C0A7A8A85006C7FF2610E3910986BD6ACB2BAA011B7E9ABECF2D199CC7D4FEE5C4291EFCC5BEFE2BA2C79020D2A767B8D238D31A6296D41008',NULL,'{}',NULL,'Instructions','{"Validation":{"InstructionFailed":{"Find":{"AssetDefinition":"coin#wonderland"}}}}');
INSERT INTO transactions VALUES('fe9d8518344f2d0c1e05dd911f0a3614395c5bad78559e8751beae8fccfea97b',10,'2024-09-11T00:45:15.201+00:00','ed0120B23E14F659B91736AAB980B6ADDCE4B1DB8A138AB0267E049C082A744471714E','wonderland','D28981618602580777B3095B03C9648C0770E4E81217427C7469344B25F3FFF1EA1BE898FD216C298A8467178C54FBCC07128112075EA6C3F8BC13EE80A21C0F',NULL,'{}',NULL,'Instructions','{"Validation":{"InstructionFailed":{"Find":{"AssetDefinition":"coin#wonderland"}}}}');
INSERT INTO transactions VALUES('7f899fdd774b3a43c468f4868739b5265c28c74814adcb52df9279d12e5fd519',10,'2024-09-11T00:45:16.715+00:00','ed0120B23E14F659B91736AAB980B6ADDCE4B1DB8A138AB0267E049C082A744471714E','wonderland','6FADE90706D93F28DD3E9FBC790DFD1888668D153AD6025ADF9601C7B34A91A58F897B12296071796A61985978BC4CEE1A97A49D6532661BB6B64B2917761C01',NULL,'{}',NULL,'Instructions','{"Validation":{"InstructionFailed":{"Find":{"AssetDefinition":"coin#wonderland"}}}}');
INSERT INTO transactions VALUES('fe7bd1d4cdd60531ad59692db5bdc86dc9caddd05de42ba48a8490b32fd4b177',9,'2024-09-11T00:45:12.182+00:00','ed0120B23E14F659B91736AAB980B6ADDCE4B1DB8A138AB0267E049C082A744471714E','wonderland','0C04AA8911B08ABB4E3BB504D0656F6C4B172E905202EBEBE58054ED1BD8B3E6AF40649500C20B43C5837D5FEC9B0E629D4B7ED88B11B2EDBB617289E725CD0F',NULL,'{}',NULL,'Instructions','{"Validation":{"InstructionFailed":{"Find":{"AssetDefinition":"coin#wonderland"}}}}');
INSERT INTO transactions VALUES('a782a156af0591367738e74776f16644cdbdfc6921f92fb0e08c118b8467e215',9,'2024-09-11T00:45:13.690+00:00','ed0120B23E14F659B91736AAB980B6ADDCE4B1DB8A138AB0267E049C082A744471714E','wonderland','010AEE3DCCAF86C732F0ACD6AF747D001AA1DC087D5FA7B4B16AC7DB510C2754ABFE8EF572AD85CF9A362301B720266F8AADB0E6C7DD8CC0CC9B00E97C44560B',NULL,'{}',NULL,'Instructions','{"Validation":{"InstructionFailed":{"Find":{"AssetDefinition":"coin#wonderland"}}}}');
INSERT INTO transactions VALUES('22ce340db31d94ff3b259b8e6437544388017d3361ea28e09b7214410ca76733',8,'2024-09-11T00:45:09.174+00:00','ed0120B23E14F659B91736AAB980B6ADDCE4B1DB8A138AB0267E049C082A744471714E','wonderland','DA74FCCA8ACEA8DA3D7329C0E1A09C9E817C74CEC973F0CDF46914F731F235CDF20675720370D1AE3A5974D107B6F787368BB4AB9516B1385C8BB364DA733C0E',NULL,'{}',NULL,'Instructions','{"Validation":{"InstructionFailed":{"Find":{"AssetDefinition":"coin#wonderland"}}}}');
INSERT INTO transactions VALUES('2fab82f603d13ffcb77d861f46d3a90675216adbab78c07559e55c3c8715adff',8,'2024-09-11T00:45:10.677+00:00','ed0120B23E14F659B91736AAB980B6ADDCE4B1DB8A138AB0267E049C082A744471714E','wonderland','0CCEC5480088D595A6683DD5D721C5E8A8E052437B285859DD605B58D9B4029B047031EC224D9AFB955FD4EB4CABB29B403747E9CDB8F1A391001C7C66436F02',NULL,'{}',NULL,'Instructions','{"Validation":{"InstructionFailed":{"Find":{"AssetDefinition":"coin#wonderland"}}}}');
INSERT INTO transactions VALUES('16ae2790b3abb2fa823901646a276d6b9bed33d517b87f863f873acbd80ead15',7,'2024-09-11T00:45:07.669+00:00','ed0120B23E14F659B91736AAB980B6ADDCE4B1DB8A138AB0267E049C082A744471714E','wonderland','4FCD4306FDA502929FD679EA5FFD32FBEC414D7C7074DDAA5433D3FE10D42D0F09C5EC94DB6DDC6D53EC23A83D6A7D21511E01341ECC528142185509596E8304',NULL,'{}',NULL,'Instructions','{"Validation":{"InstructionFailed":{"Find":{"AssetDefinition":"coin#wonderland"}}}}');
INSERT INTO transactions VALUES('b0e730f1bb1138f924d81fd798fc8d1a2eac28d950f41eb67bc32184572a1397',6,'2024-09-11T00:45:06.119+00:00','ed0120B23E14F659B91736AAB980B6ADDCE4B1DB8A138AB0267E049C082A744471714E','wonderland','B9725C138DB63548D94A287D03875D99C5FD4CF51AFF23D48011D672A912039F7D00B7A07E01F57CF56B0C1884DCBC1BE4BF1C8A3C1C9A983879FC3F7BD9BE08',NULL,'{}',NULL,'Instructions','{"Validation":{"InstructionFailed":{"Find":{"AssetDefinition":"coin#wonderland"}}}}');
INSERT INTO transactions VALUES('ee100951b6b9b897ef48839a0972a4785b73a3c0929728fe6908143664d1df47',5,'2024-09-10T22:25:04.855+00:00','ed0120B23E14F659B91736AAB980B6ADDCE4B1DB8A138AB0267E049C082A744471714E','wonderland','3013BEC498DFF82CD539569EBB810338D3B20E14E2905EE1259EBD2E0494DFC33A1ED24F923A87BF6AC9D59E9C2F57A57C349B2610D9E6A0270A400BFB723E0B',NULL,'{}',NULL,'Instructions','{"Validation":{"InstructionFailed":{"Find":{"AssetDefinition":"coin#wonderland"}}}}');
INSERT INTO transactions VALUES('2a3080b0338fb68cb8fe58a754de33dc3f651faaa89eaf7af3fcc9392a94e541',5,'2024-09-10T22:25:04.857+00:00','ed0120B23E14F659B91736AAB980B6ADDCE4B1DB8A138AB0267E049C082A744471714E','wonderland','FB3DCD9CF32506B28A81FC4C860CEDB97443BF09E4000C813F706665CE1FA821D70AE81E339DFD5F00E1EEDDCE3D2CBCE6E958308A1BA1B088088449D6334106',NULL,'{}',NULL,'Instructions','{"Validation":{"InstructionFailed":{"Find":{"AssetDefinition":"coin#wonderland"}}}}');
INSERT INTO transactions VALUES('5fdb484a36be75b16ecdb23812732888fa25db2156a3b50da847dfa50f1f55e1',5,'2024-09-10T22:25:04.858+00:00','ed0120B23E14F659B91736AAB980B6ADDCE4B1DB8A138AB0267E049C082A744471714E','wonderland','0698F368C8EAB15418589767367CC04930E8A497E1EFA4D90C283718478C8AB3287ADC5ACD461FE125BE45B4B161BCBBF885231C90081DBF7BA987E9738F5C06',NULL,'{}',NULL,'Instructions','{"Validation":{"InstructionFailed":{"Find":{"AssetDefinition":"coin#wonderland"}}}}');
INSERT INTO transactions VALUES('95e34b509f13653bc412fb03cd943d1732675423839eab14ec6ce9526cd87555',5,'2024-09-10T22:25:04.860+00:00','ed0120B23E14F659B91736AAB980B6ADDCE4B1DB8A138AB0267E049C082A744471714E','wonderland','2693CCE1B48AB5EC48CD660A2DBBA9156B14F0AA720CA7D086F0CCA621D02CE54B4EEEFB3C83F2626C5C5C8D2BD1D557428CABE227FD91CC0F2C3F9950F91E0C',NULL,'{}',NULL,'Instructions','{"Validation":{"InstructionFailed":{"Find":{"AssetDefinition":"coin#wonderland"}}}}');
INSERT INTO transactions VALUES('ce76069c57277ff60b32e000cf9175ac940a0034cb9b723826780dfc9cc2ece3',5,'2024-09-10T22:25:04.861+00:00','ed0120B23E14F659B91736AAB980B6ADDCE4B1DB8A138AB0267E049C082A744471714E','wonderland','F502323C97A4A9B1AA3CCE516551209F22E6BFF7A3C8834F3F69D9E06E4622898B8E0285B3B62294DC77281AC0D69EE971395CFDAE288DC37AD60E15D7D71903',NULL,'{}',NULL,'Instructions','{"Validation":{"InstructionFailed":{"Find":{"AssetDefinition":"coin#wonderland"}}}}');
INSERT INTO transactions VALUES('c29041ed48876bae8937224ff8bb1aedb003ed8b75f4a893a89fb49183d41bf5',5,'2024-09-10T22:25:04.862+00:00','ed0120B23E14F659B91736AAB980B6ADDCE4B1DB8A138AB0267E049C082A744471714E','wonderland','5B5BF67B4F2F4270089C2278753B89E7AA66B8761977E9D52224414C58803BFCC65B883B6D7D68CC500AE56859709952B311DBACFB3C84DFCA5E95D1ADBEBD09',NULL,'{}',NULL,'Instructions','{"Validation":{"InstructionFailed":{"Find":{"AssetDefinition":"coin#wonderland"}}}}');
INSERT INTO transactions VALUES('be8c8f2c7a523c3564fafbf438ef05a8b55cf623a12a63e160b9bee58673a8fb',5,'2024-09-10T22:25:04.863+00:00','ed0120B23E14F659B91736AAB980B6ADDCE4B1DB8A138AB0267E049C082A744471714E','wonderland','0BFF10568ABAE94A9F6B58F663EF680F29FB5130258B4658DC5687850259930186259646DE0993B4A422DE879D5EE2A02B2F627313B39C4B41B3FDBCD5224109',NULL,'{}',NULL,'Instructions','{"Validation":{"InstructionFailed":{"Find":{"AssetDefinition":"coin#wonderland"}}}}');
INSERT INTO transactions VALUES('dd1a0506a341a01c5153d17219d286b916a9f5ec87dfd7b52b7032e1681fe133',5,'2024-09-10T22:25:04.864+00:00','ed0120B23E14F659B91736AAB980B6ADDCE4B1DB8A138AB0267E049C082A744471714E','wonderland','9F84FE940211FF8CB8164047A8721746232B161BEDFEA3960EBB94DE0B4147F699A0844CE1AC0949E7283DF20819A160483DDD857BE0D48B6C2492FC54150208',NULL,'{}',NULL,'Instructions','{"Validation":{"InstructionFailed":{"Find":{"AssetDefinition":"coin#wonderland"}}}}');
INSERT INTO transactions VALUES('bdc65cc59b2f249afb73f6c395cf9dc10225485f8e0479679d2bf5cc84a8c0e5',5,'2024-09-10T22:25:04.865+00:00','ed0120B23E14F659B91736AAB980B6ADDCE4B1DB8A138AB0267E049C082A744471714E','wonderland','A077EA9EE9E3FDA3D847C5AB965FACC1B5B9717EAA8B68425B94EEC4548EE770393EC0DB89063300EC98A7F7F779B09033EB86A32CE4E0721B1992BB214E690D',NULL,'{}',NULL,'Instructions','{"Validation":{"InstructionFailed":{"Find":{"AssetDefinition":"coin#wonderland"}}}}');
INSERT INTO transactions VALUES('f24b915c6838c6d6fc22257568cb48cc0a8c384996a5e17055ec13a32b4fe78d',5,'2024-09-10T22:25:04.866+00:00','ed0120B23E14F659B91736AAB980B6ADDCE4B1DB8A138AB0267E049C082A744471714E','wonderland','A480AB999B712F5D173FA4404CB2C8640661D736C4DB62FCCCF028257F921D25F160E8BAAA1F4E3E826E267CA5D34E5040AA0E78E6D1B070188F2452CF9D120C',NULL,'{}',NULL,'Instructions','{"Validation":{"InstructionFailed":{"Find":{"AssetDefinition":"coin#wonderland"}}}}');
INSERT INTO transactions VALUES('84ab2de5976bba9935a367d4847cba3ac5e32573402d61fd38f031aa6a850c3b',5,'2024-09-10T22:25:04.867+00:00','ed0120B23E14F659B91736AAB980B6ADDCE4B1DB8A138AB0267E049C082A744471714E','wonderland','0E366B0CBE8F453A72E6E319B5BBA1005B953D01F0920F1A6B05EE999FB3E0C7D5A0BE4DEA247BDC196A5A86F7AC870CB297E31D22FFD8A928DAB280E4E31309',NULL,'{}',NULL,'Instructions','{"Validation":{"InstructionFailed":{"Find":{"AssetDefinition":"coin#wonderland"}}}}');
INSERT INTO transactions VALUES('79cd76c36ccfb59bb58ef2dccb95699a3de7d6eb76fb9a9356f6d54003111d1d',5,'2024-09-10T22:25:04.868+00:00','ed0120B23E14F659B91736AAB980B6ADDCE4B1DB8A138AB0267E049C082A744471714E','wonderland','42DDE193CE645C9484616EBCF33C644DF8B294AF91FFC53D93759E4EC5C02E0A3B000FB050E6D6242D11054F28FAC5D05C61BC72A2850E6FEE1AA4B47307970D',NULL,'{}',NULL,'Instructions','{"Validation":{"InstructionFailed":{"Find":{"AssetDefinition":"coin#wonderland"}}}}');
INSERT INTO transactions VALUES('e7b01d8268570a7ed52287c71335ad025e866d6ece1f7b4a67cca0887fb2618d',5,'2024-09-10T22:25:04.869+00:00','ed0120B23E14F659B91736AAB980B6ADDCE4B1DB8A138AB0267E049C082A744471714E','wonderland','0FD17E2425AE36EF87161D2C225C00056226BA799C145CAC699F40A97A38708AB25981EBBC1F06C6B2362C5010FCA240DA047AD255FCDADF847137ECEBB71E04',NULL,'{}',NULL,'Instructions','{"Validation":{"InstructionFailed":{"Find":{"AssetDefinition":"coin#wonderland"}}}}');
INSERT INTO transactions VALUES('aec8ec931c9eacf9cf21727621eeb50e64de07c2ee67b5b0df6fefa59a2dd82f',5,'2024-09-10T22:25:04.870+00:00','ed0120B23E14F659B91736AAB980B6ADDCE4B1DB8A138AB0267E049C082A744471714E','wonderland','7AE1E7303E56F6B733211E905C3D576291B47CE33FF695F22BE19FF7BD34008DF933CAC6E51B5FDC128A4CBB9E737A48123B9A23E8C45209A31DFDC7E2195404',NULL,'{}',NULL,'Instructions','{"Validation":{"InstructionFailed":{"Find":{"AssetDefinition":"coin#wonderland"}}}}');
INSERT INTO transactions VALUES('cd2765b32942ea2225a289496b8256646d48057932ddaf98081f272636866fa5',5,'2024-09-10T22:25:04.871+00:00','ed0120B23E14F659B91736AAB980B6ADDCE4B1DB8A138AB0267E049C082A744471714E','wonderland','F780C9059E73F7D4095106A48CC56F078605C93236FBF1D5D4B04454D69AA98E4684564AA1BF52A93CD0B3DB1C8FF8C43FBB804FBA1EF61FF5184107C9B4A003',NULL,'{}',NULL,'Instructions','{"Validation":{"InstructionFailed":{"Find":{"AssetDefinition":"coin#wonderland"}}}}');
INSERT INTO transactions VALUES('bb855bc111b37218503f5218c2758a9d356104ef4c06195a59db7da523f48049',5,'2024-09-10T22:25:04.872+00:00','ed0120B23E14F659B91736AAB980B6ADDCE4B1DB8A138AB0267E049C082A744471714E','wonderland','C93D38228D5C2BFEC7B347D69B8516F3BC566D04D663CA4EC690DA61A6396BAF064EFAE59A2A8B8387A44ACA3993AD618717D17195269D3C254FE2E6F7C96D0E',NULL,'{}',NULL,'Instructions','{"Validation":{"InstructionFailed":{"Find":{"AssetDefinition":"coin#wonderland"}}}}');
INSERT INTO transactions VALUES('02c6e5d4904376df37a9e320b96d086bb51906d7b12d0239e163c74a160b33bf',5,'2024-09-10T22:25:04.873+00:00','ed0120B23E14F659B91736AAB980B6ADDCE4B1DB8A138AB0267E049C082A744471714E','wonderland','980865A6E4A52A9E6D6F5699E4CF2136B13DB4412134A1EFA26A7BE1520E4B4D6DFD7113D9BA540B3EEBAA5E8727BA4490A565212F1B33CC166A94A11BA3F601',NULL,'{}',NULL,'Instructions','{"Validation":{"InstructionFailed":{"Find":{"AssetDefinition":"coin#wonderland"}}}}');
INSERT INTO transactions VALUES('fb0f27d48ba0dc323313edee7636e70e6e0bcb4a5176c08fa3791c7c4d04ff7d',5,'2024-09-10T22:25:04.874+00:00','ed0120B23E14F659B91736AAB980B6ADDCE4B1DB8A138AB0267E049C082A744471714E','wonderland','E43B05DF4E1F30BF74E96F8E5510EFFA02E88EBF5A7ADEFD34CF1AC76E63617F07FF4BCED61B40002F1896F727461DCB6D96782025AFE26D1B2B836413C8EE04',NULL,'{}',NULL,'Instructions','{"Validation":{"InstructionFailed":{"Find":{"AssetDefinition":"coin#wonderland"}}}}');
INSERT INTO transactions VALUES('49a54ea13731fc058cb4c3bcd4d92d71c55c148959b88d840189ee474e6c2ffb',5,'2024-09-10T22:25:04.875+00:00','ed0120B23E14F659B91736AAB980B6ADDCE4B1DB8A138AB0267E049C082A744471714E','wonderland','7EA194323AC51A04363185DAF444105D6E1CB463B442EDA8D803CCEE075224009883DBD547C712285A972E969678D9EE06E3E521F20A85310564564991EA3301',NULL,'{}',NULL,'Instructions','{"Validation":{"InstructionFailed":{"Find":{"AssetDefinition":"coin#wonderland"}}}}');
INSERT INTO transactions VALUES('23d2aa9228393f7de23466c992df7dd53f0688ae5ac70a18bb55a0b74b785a81',5,'2024-09-10T22:25:04.876+00:00','ed0120B23E14F659B91736AAB980B6ADDCE4B1DB8A138AB0267E049C082A744471714E','wonderland','F9887DCB34EAAC6BD75A11EE048455FCB95B4BCF18CFBE829B6DB5CAB2E3461AFBDDB26FBDF1555853C66BFBAA9A404C2CACA50D54314D51D4B40E397DD05306',NULL,'{}',NULL,'Instructions','{"Validation":{"InstructionFailed":{"Find":{"AssetDefinition":"coin#wonderland"}}}}');
INSERT INTO transactions VALUES('61f01dea4185f19638fc75879b7841387c4c91ff21d74ab1240949bd547c1a47',5,'2024-09-10T22:25:04.877+00:00','ed0120B23E14F659B91736AAB980B6ADDCE4B1DB8A138AB0267E049C082A744471714E','wonderland','68BCF9658D4A68008C1EBADE1BBCB17E39DDBBF60098110AA785679EFF7C771D81AC2186DACB24CAF877698F6ADB19E547ACF1357CAB43AC7999472F49963A0E',NULL,'{}',NULL,'Instructions','{"Validation":{"InstructionFailed":{"Find":{"AssetDefinition":"coin#wonderland"}}}}');
INSERT INTO transactions VALUES('f43ec7b8cde9cadc87383120f296811b6aeaf9f5096fc62dc4fb3d7658649aa3',5,'2024-09-10T22:25:04.878+00:00','ed0120B23E14F659B91736AAB980B6ADDCE4B1DB8A138AB0267E049C082A744471714E','wonderland','FEA3F665A468D24C6C82D05ED32DD7A54DDDB1CCD306407A253A5D77825131D68BD5F7B7D4A5671FF4E10D3682FCC66DC5C49C2434E72F5174C073AF7AB20704',NULL,'{}',NULL,'Instructions','{"Validation":{"InstructionFailed":{"Find":{"AssetDefinition":"coin#wonderland"}}}}');
INSERT INTO transactions VALUES('3468d47580d77fb66cc7099c9132f092d46f7d7bfd0ee784602b5e75bd1a3f0d',5,'2024-09-10T22:25:04.879+00:00','ed0120B23E14F659B91736AAB980B6ADDCE4B1DB8A138AB0267E049C082A744471714E','wonderland','DC0531938CA3C7C9429AD8BC41EF3BF50547B16D480F751E932261C0CB3566C8FCCFF8DEED9DBA015276A8F093808866F69A32ABC5A24953FCD67E3EABA8D807',NULL,'{}',NULL,'Instructions','{"Validation":{"InstructionFailed":{"Find":{"AssetDefinition":"coin#wonderland"}}}}');
INSERT INTO transactions VALUES('a6e549ddc8a57f950b75afa3f587bf1c381588a4fc44a146f08494f528ab1f29',5,'2024-09-10T22:25:04.879+00:00','ed0120B23E14F659B91736AAB980B6ADDCE4B1DB8A138AB0267E049C082A744471714E','wonderland','A9C6B3AB1D6D14EC637311C35EB637032F38F486CED9914E5CA4A0289E0C040EC7D85602A06E388C9406408E27C535EF8A6376710EE544243E0E83DA1C9EFA00',NULL,'{}',NULL,'Instructions','{"Validation":{"InstructionFailed":{"Find":{"AssetDefinition":"coin#wonderland"}}}}');
INSERT INTO transactions VALUES('ba3b258a3e75982ad323b7067339b684ac8818d7dd7ebfe515cc4b2b0a8d3763',5,'2024-09-10T22:25:04.880+00:00','ed0120B23E14F659B91736AAB980B6ADDCE4B1DB8A138AB0267E049C082A744471714E','wonderland','EC739EC2D68A28B23BB3FA964DFA058B0B6AE78422D653F76B81F94252C8B67AEB6BEE3426A508681896EEC787621AADF7E8C121FCBC0E05232C25249EB24F0A',NULL,'{}',NULL,'Instructions','{"Validation":{"InstructionFailed":{"Find":{"AssetDefinition":"coin#wonderland"}}}}');
INSERT INTO transactions VALUES('68aefee2cb0840ae6f046c15f99149c1c3dc84fa873e872238dfba93ef8f8445',5,'2024-09-10T22:25:04.881+00:00','ed0120B23E14F659B91736AAB980B6ADDCE4B1DB8A138AB0267E049C082A744471714E','wonderland','1F5CBC2C6CF9AF7B06DB16E25063340DEE2B661DC7B88EA342CF71BD9BE09D17C9B28DF305C2A369B09BB47F1809344D74A51638A4C0E21FDC9BB58982D69B0B',NULL,'{}',NULL,'Instructions','{"Validation":{"InstructionFailed":{"Find":{"AssetDefinition":"coin#wonderland"}}}}');
INSERT INTO transactions VALUES('4d1ec38323610f970dd905c8926b0db4586db33a6250f3a291f995eccf5ec9fb',5,'2024-09-10T22:25:04.882+00:00','ed0120B23E14F659B91736AAB980B6ADDCE4B1DB8A138AB0267E049C082A744471714E','wonderland','293A77CD215E02070AE1F8DD41E58658A7D672B60C80E74DDFACCFDA180A7D5C60595DB6C185EAA0B32305C56F52FF0ACCD08CC792880F76AF14893C362B7B07',NULL,'{}',NULL,'Instructions','{"Validation":{"InstructionFailed":{"Find":{"AssetDefinition":"coin#wonderland"}}}}');
INSERT INTO transactions VALUES('7162fd49ac0a0af306bdc695d77225214cded178d683e3f07583f14fbdd3b5a9',5,'2024-09-10T22:25:04.883+00:00','ed0120B23E14F659B91736AAB980B6ADDCE4B1DB8A138AB0267E049C082A744471714E','wonderland','DAB3900A4DC30E5243E7D26A45BDCAC820FBB8BDBC813ED0C042A03A71FF5C086E26E3F7C9F8713C35EE749D47AE69731B361381127929B591965EF943BB8C00',NULL,'{}',NULL,'Instructions','{"Validation":{"InstructionFailed":{"Find":{"AssetDefinition":"coin#wonderland"}}}}');
INSERT INTO transactions VALUES('d946ce135dc6e3c631e5f87907bf4385fdbd9d4d56a5e908f44d45d233220dc5',5,'2024-09-10T22:25:04.884+00:00','ed0120B23E14F659B91736AAB980B6ADDCE4B1DB8A138AB0267E049C082A744471714E','wonderland','C2B7E366A8CB893DE84F5E3E28D834D19EB18C8C1AD967145686F3692CC361D20097EAB978F9290072B4C56459BB1FAAA55DA230A3D00EAA2928FD7AF0D60802',NULL,'{}',NULL,'Instructions','{"Validation":{"InstructionFailed":{"Find":{"AssetDefinition":"coin#wonderland"}}}}');
INSERT INTO transactions VALUES('d9d86bbf549e5e3537a42fafe514c1b74ddfe98cc613c5e0bd4591f733b36c13',5,'2024-09-10T22:25:04.884+00:00','ed0120B23E14F659B91736AAB980B6ADDCE4B1DB8A138AB0267E049C082A744471714E','wonderland','251D4321FEE77A4F368C45D3E9E40749632584BF036EA8692F34BC710AB75CF47330C68B5478D90806B2A5AFC7F9E51CF2442D55D94F9ABA9EDAAAA2C7739D0C',NULL,'{}',NULL,'Instructions','{"Validation":{"InstructionFailed":{"Find":{"AssetDefinition":"coin#wonderland"}}}}');
INSERT INTO transactions VALUES('fc319b0ac68b88a2cdc3a4091b97a873edbac2590d239bff92aebc2b4094fd29',4,'2024-09-10T22:25:01.847+00:00','ed0120B23E14F659B91736AAB980B6ADDCE4B1DB8A138AB0267E049C082A744471714E','wonderland','C704EDCFC2684E06202269658D9FE3DD5B45B9FF56D8A351677FB71BEE38D99F32CCD35B4C4CBC6584AF6DD322103B4F788BCB7859C69D3CBA60C0E7B7B9E706',NULL,'{}',NULL,'Instructions',NULL);
INSERT INTO transactions VALUES('b9816104f86f2a2e5357530094ab0dcbb63c2456942848b10c42754a690fd00d',4,'2024-09-10T22:25:01.850+00:00','ed0120B23E14F659B91736AAB980B6ADDCE4B1DB8A138AB0267E049C082A744471714E','wonderland','6AC182DC4CA3D5180BB2B521A3A38377AE2612DC811D2917D74B4621FED0876C9EB8CC7F2F6B192D6104A42C91E6BD3F67CF933B0095FEECE613D94F943CEF09',NULL,'{}',NULL,'Instructions',NULL);
INSERT INTO transactions VALUES('47c934d57ace2f5ce6bcad3c5519d894936697df2d3a3dc1911264b095547111',4,'2024-09-10T22:25:01.860+00:00','ed0120B23E14F659B91736AAB980B6ADDCE4B1DB8A138AB0267E049C082A744471714E','wonderland','A802D7C2A40EE4B242BB48D386EF27D2BFFCDB8EC2F5353FD142BB3190E95F80FB8ADBA935907492E8DC61B597619230D371D19BF4CA5835C44305FC569A8E09',NULL,'{}',NULL,'Instructions',NULL);
INSERT INTO transactions VALUES('4dab828c650456aa095ba0f02c1246cbc3f01a6d5e064dc760ef50e0595a2277',4,'2024-09-10T22:25:01.864+00:00','ed0120B23E14F659B91736AAB980B6ADDCE4B1DB8A138AB0267E049C082A744471714E','wonderland','6F2968DF5F218C7A0C9B200E4637E207E05970329757FABC2C130CAF07D4130B05A15DE9FCAE0FACBEBB9479AA7F7B0D63BEB11CBC9B1395EC6B4FC8C4819F05',NULL,'{}',NULL,'Instructions',NULL);
INSERT INTO transactions VALUES('fce3f89ff8555d66bb65d2f92cb1fe8b31a92f82d5584535d0cc3d0517379b05',4,'2024-09-10T22:25:01.852+00:00','ed0120B23E14F659B91736AAB980B6ADDCE4B1DB8A138AB0267E049C082A744471714E','wonderland','DBDF4B7F9AF6538A15443561A4073AD396E81435E19D859DA918BDBFE61995F3C1CD9BE94E23051BB0E6CD34A2F9801924F087F00CD27758A1FE427E9DFFAF08',NULL,'{}',NULL,'Instructions',NULL);
INSERT INTO transactions VALUES('565bf0a18952d777babb20f67604e28f32d97305063d28e0a827e19eb8b68521',4,'2024-09-10T22:25:01.856+00:00','ed0120B23E14F659B91736AAB980B6ADDCE4B1DB8A138AB0267E049C082A744471714E','wonderland','662CA4511BC83CDD5AF86E1B6627A7A2D2276899FB49F923ADA029556F44B70449AF39A254A174E43D4E6FB5611A5A980728FB644B7043FCEE9438E18B196302',NULL,'{}',NULL,'Instructions',NULL);
INSERT INTO transactions VALUES('5ded688cf69c182a7ada37ffd63beab2a50e2286dfdf79e27dee5f419cdc0b09',4,'2024-09-10T22:25:01.855+00:00','ed0120B23E14F659B91736AAB980B6ADDCE4B1DB8A138AB0267E049C082A744471714E','wonderland','6DDFAA4D2BC0294A995E59812179434B11ED7298D1CD61ACCC80F99C769362F044414B9AC4099823902EDDD8AFFFDC946050BE7F8CE7EB30610B3D37E701000D',NULL,'{}',NULL,'Instructions',NULL);
INSERT INTO transactions VALUES('2a4f3a645f650c448fb7c195508d0a65e8def0954323cececc360c322799454b',4,'2024-09-10T22:25:01.853+00:00','ed0120B23E14F659B91736AAB980B6ADDCE4B1DB8A138AB0267E049C082A744471714E','wonderland','46BB04F6788941399D24AD488D7C0940DCBE1696B758D924AC62ECF838DD8EF9F642EFD2C176618E79DF9F6E064C462F320E0177104384293C14BFFF409ACD0F',NULL,'{}',NULL,'Instructions',NULL);
INSERT INTO transactions VALUES('5b9f790c83e8e78b12459594512e8e2c6cf67c94e45c7313197254311c6030a9',4,'2024-09-10T22:25:01.858+00:00','ed0120B23E14F659B91736AAB980B6ADDCE4B1DB8A138AB0267E049C082A744471714E','wonderland','47186198CFFF67E1683810D1D7ACE55F7A3A18BAEC263116848114B080A02A540DF47A637433E0C6BFDDDD9057B09DB6897E752051EA3EB6095EBA5A4CA2FE03',NULL,'{}',NULL,'Instructions',NULL);
INSERT INTO transactions VALUES('c5cd58b5002de46af80387cff017281a484bdf1062dd392ec0c734ec33eab9cf',4,'2024-09-10T22:25:01.865+00:00','ed0120B23E14F659B91736AAB980B6ADDCE4B1DB8A138AB0267E049C082A744471714E','wonderland','4952B5CEDE4DCF2A56F37C73E43B10280F1247494038FCB8B0C4A5B359E0218F9A6F7949EB04A5F8B134288D09CDB658E2A012385A9734F19147F90B38B97901',NULL,'{}',NULL,'Instructions',NULL);
INSERT INTO transactions VALUES('8a019b372c02be7d6d99da39916e62a0ba5e7f7844911b8e15a4aa980223a82b',4,'2024-09-10T22:25:01.862+00:00','ed0120B23E14F659B91736AAB980B6ADDCE4B1DB8A138AB0267E049C082A744471714E','wonderland','AB4F0A87B9FA36990E67C19DE5890ECAD1168111C1E2FEB8D9BBDE657980EB3B48EF815B13046B413C2D4E76D679CB9134E8BFE8C020E7329CAEB08B1DDEFC02',NULL,'{}',NULL,'Instructions',NULL);
INSERT INTO transactions VALUES('8ac1e060ba9cc1a51b6830b9fc168edcee5882655c1d130c456583a96865ad33',4,'2024-09-10T22:25:01.861+00:00','ed0120B23E14F659B91736AAB980B6ADDCE4B1DB8A138AB0267E049C082A744471714E','wonderland','F0DEEC7B6FFF7C11754A36CB31162F12CA26F9DDC89E5D7509E73CCEB022BEC4FA3763460D24090EF785577C785B748D6BCCF67C5F85A3CE1236F95E405E6705',NULL,'{}',NULL,'Instructions',NULL);
INSERT INTO transactions VALUES('bc72c79f36ddf8bf410d043df3ff7d6de64545b5ec911f9e88e26ecc9371d86b',4,'2024-09-10T22:25:01.863+00:00','ed0120B23E14F659B91736AAB980B6ADDCE4B1DB8A138AB0267E049C082A744471714E','wonderland','26259E11863AECA2F5E1B7B892B57AA0ACE8A989FE69C48C35C9798D073EB5B5D57DA07322C7A1BF59FA36833121C494FB268432A3080A2819FC8F578CE76007',NULL,'{}',NULL,'Instructions',NULL);
INSERT INTO transactions VALUES('f35f083cbe21d082f212a5258dd4b3a94b97e58bd3d0f8f86912514c1c162b8b',4,'2024-09-10T22:25:01.867+00:00','ed0120B23E14F659B91736AAB980B6ADDCE4B1DB8A138AB0267E049C082A744471714E','wonderland','2C83D2E8208B67D6FB92EFF789207AB6A31BD312C265FC6276D15D513FAA3FEF9EC31DB023AB1E0C52D404689207B10620939613B76E8B762A8BB08D958E6309',NULL,'{}',NULL,'Instructions',NULL);
INSERT INTO transactions VALUES('b60204b2008c4d09b1855321a42486138bcb489d5962405b51f4e6f981c9d101',4,'2024-09-10T22:25:01.866+00:00','ed0120B23E14F659B91736AAB980B6ADDCE4B1DB8A138AB0267E049C082A744471714E','wonderland','D5EDBE83507B4B5A21B11C9E183FD2A1EFCBD9D3655DCE93D6D4D3FFB7B6E71F4B426B423CC8331CF1A0D65921282B5BBDA974F7A66585B32580F951C86D1D05',NULL,'{}',NULL,'Instructions',NULL);
INSERT INTO transactions VALUES('de38aa52902fbc6f5f25107c0f0b068f6cc37eb5e605881387696da69e0b394b',4,'2024-09-10T22:25:01.869+00:00','ed0120B23E14F659B91736AAB980B6ADDCE4B1DB8A138AB0267E049C082A744471714E','wonderland','930C0CDEA8C3F984F52D604E50E524E5F2ED1AAB6702E8AD3781FD20A366D53E755A25C2BADE77A4497F552FEF46A4DEE2BF69E220F5A1F7CFC98BB3DB860D0F',NULL,'{}',NULL,'Instructions',NULL);
INSERT INTO transactions VALUES('61a95c33aada60477f58e7d5e35d774357b59d84e09d0e977f912aa8354ffc15',4,'2024-09-10T22:25:01.875+00:00','ed0120B23E14F659B91736AAB980B6ADDCE4B1DB8A138AB0267E049C082A744471714E','wonderland','B01BBC9B40C240D739B7B425987C5EFCB8267102AD76768C1A38C022FC1B90F29FEDADD49F4B93427297EE91FE971A5F23A79B5FB672ED8D1F85ED6F9D1DD402',NULL,'{}',NULL,'Instructions',NULL);
INSERT INTO transactions VALUES('d0fc1b7f3d68b1efeb16d8dc6e0737cda639bce59388312610a2176ca64b7daf',4,'2024-09-10T22:25:01.867+00:00','ed0120B23E14F659B91736AAB980B6ADDCE4B1DB8A138AB0267E049C082A744471714E','wonderland','B457F55AEB63E82FDA0DCD192C9FEACA0F1539584E47F90EA25EB495C13363C18801A0EEA9F42D4CC2444433CC765DFF511E674DB1C41B60E21ACB2204CE2103',NULL,'{}',NULL,'Instructions',NULL);
INSERT INTO transactions VALUES('27014a59e7f966dafda59f41e18a2a7fb410e4811477cca09a6140d6db0aa7c9',4,'2024-09-10T22:25:01.874+00:00','ed0120B23E14F659B91736AAB980B6ADDCE4B1DB8A138AB0267E049C082A744471714E','wonderland','197FE5FD878CC959D3A0D66D6C2691E406DAC2840C1063BFED1F7B7D07B5E2E4DA8E90CE89310064F6E0BDE5E7AC1E2C8248F7C3135039B238A9326271202302',NULL,'{}',NULL,'Instructions',NULL);
INSERT INTO transactions VALUES('45ef980de7e83393308925b30a4d679ee9c71398474fba6affbe9affd665d6fd',4,'2024-09-10T22:25:01.870+00:00','ed0120B23E14F659B91736AAB980B6ADDCE4B1DB8A138AB0267E049C082A744471714E','wonderland','B6AA90E4FD12B01816846B7494503DF954B1F96C1BBB3C9B5718E2F32F9F7294D89A1CA20F5F34153376BBD18CCFE90DCCAA105D5B33892D712604571C6A7D09',NULL,'{}',NULL,'Instructions',NULL);
INSERT INTO transactions VALUES('6ba1c7c16165c61b38f44778fd497ef7279a193fb6a66281286b40a1676854cf',4,'2024-09-10T22:25:01.868+00:00','ed0120B23E14F659B91736AAB980B6ADDCE4B1DB8A138AB0267E049C082A744471714E','wonderland','CBBB3419A2594E0FDB0FCC6D89E07F69E81747DDDD05BB0704AEB3A92F44B7CB59CB54183ADF4DB90E81C00240C3CDECB96685B26BB8D90C561BC04C85E01005',NULL,'{}',NULL,'Instructions',NULL);
INSERT INTO transactions VALUES('5dd7defefa7a8904d4dc715a416f6b267e13641855d68769baed8296bc9ad9e7',4,'2024-09-10T22:25:01.873+00:00','ed0120B23E14F659B91736AAB980B6ADDCE4B1DB8A138AB0267E049C082A744471714E','wonderland','0697D67DA3E61F4A9F92483C4A4DE20076130D663DC1304446F92D69BFDD4F97F857464324F1BE917F899975AE02FA15440A7B2A58222C9CE228CC8A05AAC300',NULL,'{}',NULL,'Instructions',NULL);
INSERT INTO transactions VALUES('231ae18f5c222eec8b8ffe82c67b28d920fcfd869e77c2cc8956126e4bc91ed9',4,'2024-09-10T22:25:01.872+00:00','ed0120B23E14F659B91736AAB980B6ADDCE4B1DB8A138AB0267E049C082A744471714E','wonderland','5B822F98DEA7824E5D397649CDC4D6AC34A0942B9F65870DADA0590B6FCCD5B4945CA1C9B04444CB76031CB2DBA5D20C8465AE2E5494AAF3C5B7F98BB1D71A0F',NULL,'{}',NULL,'Instructions',NULL);
INSERT INTO transactions VALUES('7e1325adfd8de5bc26a82c45fc7bf1cefb9e1e8d759b823e10362cc1e14fafe7',4,'2024-09-10T22:25:01.870+00:00','ed0120B23E14F659B91736AAB980B6ADDCE4B1DB8A138AB0267E049C082A744471714E','wonderland','4F96EA97F460E35566FE5ADE7F481B201667ABFD0814CFBBAB2691DE85898BCC670093D6D5654F0F7FBC0B2F897519F543DC8009A2018EB9ECE868C09A479C02',NULL,'{}',NULL,'Instructions',NULL);
INSERT INTO transactions VALUES('59175a9a90bdf8cfea6d0cdf425f2822cf16687f9100d357336824c965b8695f',4,'2024-09-10T22:25:01.875+00:00','ed0120B23E14F659B91736AAB980B6ADDCE4B1DB8A138AB0267E049C082A744471714E','wonderland','E1FED0D45BE52F76C4DEB77CA08CC7EDDAC05AA3DE1F9625161AED172983C6581C414800E0268B86360A7D36F0A257A34E69B6DE31D422A8C47EC046A4F5E707',NULL,'{}',NULL,'Instructions',NULL);
INSERT INTO transactions VALUES('4758d061fcda0e50a3dabd1423e7e597d76a6e1f4697ea187178b0ea63618133',3,'2024-09-10T22:24:58.837+00:00','ed0120B23E14F659B91736AAB980B6ADDCE4B1DB8A138AB0267E049C082A744471714E','wonderland','415D41E7CBB0E0BA98AAC812D02C177F2A1F4E7533276C6F4D0CBE31FB2735DF6849B4B0C60DEC71A48E24D8F14A40400D44AC85C879F4DFC39928FA9A7FA60A',NULL,'{}',NULL,'Instructions',NULL);
INSERT INTO transactions VALUES('eea4c4ee072cf48647fb2e9d6a46d7fbc74def5ec780371b325912d001ed0765',2,'2024-09-10T22:24:58.798+00:00','ed0120B23E14F659B91736AAB980B6ADDCE4B1DB8A138AB0267E049C082A744471714E','wonderland','9575DB16F9F4428F81B0B92E1AA88194B9A94347D1BB38001F009D95517FDD146DF9331E59548CA9E8AE5C000A3C8373E76BAA7D93705BFBD376737BDEA18C08',NULL,'{}',NULL,'Instructions',NULL);
INSERT INTO transactions VALUES('573c60bee2b609b3723b1ea8aeeb496978707825b520e419e88d823cacf64ccf',1,'2024-09-10T22:21:13.565+00:00','ed01204164BF554923ECE1FD412D241036D863A6AE430476C898248B8237D77534CFC4','genesis','8F5786D81104431A816602378CFF7E332B727DCE8DF15ED97819AC2CDF7611C28355B551087CA45D0A0597B878DAD44B14C9A9FDFE830E0D9711EA0A95F72A0E',NULL,'{}',NULL,'Instructions',NULL);
INSERT INTO transactions VALUES('d6efcf9c8be01ee4333d26f420d487f271fc2c724254b762145e5916a6a458b3',1,'2024-09-10T22:21:13.566+00:00','ed01204164BF554923ECE1FD412D241036D863A6AE430476C898248B8237D77534CFC4','genesis','6B970D89F74517E449C0D9282B6224D8B0E510DC35B7B590926A24B7027A3CFD9AAE89FCDEBDDBE3B80813E2F6DA43B54030D68B0FF8520011DFE4E21F3C980E',NULL,'{}',NULL,'Instructions',NULL);
INSERT INTO transactions VALUES('63f5f0345c37992eca21e6be3e07da02327b829954c560a18915a125fdc17919',1,'2024-09-10T22:21:13.566+00:00','ed01204164BF554923ECE1FD412D241036D863A6AE430476C898248B8237D77534CFC4','genesis','B21D5B4DACF8E57FE7DF97BAD4E97F9E20E718A0F88BE028D1740C02208FC5B3D6FD2520D43623C35AB06D9C9F82D4B4927C947621B5B42C1262BEB154BE1200',NULL,'{}',NULL,'Instructions',NULL);
INSERT INTO instructions VALUES('150325f9cd93ba26db80bcfa4cc661bfc3a1dad22c95ae07824c04c750127581','{"Burn":{"Asset":{"object":"958","destination":"coin#wonderland#e70121037287D2200EE4CAF41A9EA2D4B33C9D4FA441FABF44CF09F5D441AB301A4EA64D@looking_glass"}}}');
INSERT INTO instructions VALUES('c27f806738b0c4f5c355ea5c7f3ea5209ca09c0606d3fa2c8f533040b5a29433','{"Burn":{"Asset":{"object":"461","destination":"coin#wonderland#e70121037287D2200EE4CAF41A9EA2D4B33C9D4FA441FABF44CF09F5D441AB301A4EA64D@looking_glass"}}}');
INSERT INTO instructions VALUES('37e89ced73960d975763807b8e07048c6e47c1082cfa5cb30933c33c30f6f8b1','{"Burn":{"Asset":{"object":"931","destination":"coin#wonderland#e70121037287D2200EE4CAF41A9EA2D4B33C9D4FA441FABF44CF09F5D441AB301A4EA64D@looking_glass"}}}');
INSERT INTO instructions VALUES('e609122f20ac37e9e18d47c4c6fbcde784d2a8a0660438ccee053b7bedcf0f75','{"Burn":{"Asset":{"object":"608","destination":"coin#wonderland#e70121037287D2200EE4CAF41A9EA2D4B33C9D4FA441FABF44CF09F5D441AB301A4EA64D@looking_glass"}}}');
INSERT INTO instructions VALUES('3825fd30069acfe5a0ce0bb3b9f3929810aa7c6f1de6e89927a6222b1f77cd3d','{"Burn":{"Asset":{"object":"101","destination":"coin#wonderland#e70121037287D2200EE4CAF41A9EA2D4B33C9D4FA441FABF44CF09F5D441AB301A4EA64D@looking_glass"}}}');
INSERT INTO instructions VALUES('698697647b2a8f86a505368bed18abfa09659c408d5826bf69fe77bc7f12c65f','{"Mint":{"Asset":{"object":"582","destination":"coin#wonderland#e70121037287D2200EE4CAF41A9EA2D4B33C9D4FA441FABF44CF09F5D441AB301A4EA64D@looking_glass"}}}');
INSERT INTO instructions VALUES('26feceaaf057950b44f227cdc4505af6ef957f5943f574927bc13f90521b9ebf','{"Burn":{"Asset":{"object":"814","destination":"coin#wonderland#e70121037287D2200EE4CAF41A9EA2D4B33C9D4FA441FABF44CF09F5D441AB301A4EA64D@looking_glass"}}}');
INSERT INTO instructions VALUES('54cdfa868ecb6b71bf5630a0b3b556b5fb6e3f2fa0ef67259d31e28506116559','{"Burn":{"Asset":{"object":"159","destination":"coin#wonderland#e70121037287D2200EE4CAF41A9EA2D4B33C9D4FA441FABF44CF09F5D441AB301A4EA64D@looking_glass"}}}');
INSERT INTO instructions VALUES('a4fc3cc4f84ce1bf16214ba62bdbb0715644fb9ef01e995dd2ad8ed92842d0c5','{"Burn":{"Asset":{"object":"922","destination":"coin#wonderland#e70121037287D2200EE4CAF41A9EA2D4B33C9D4FA441FABF44CF09F5D441AB301A4EA64D@looking_glass"}}}');
INSERT INTO instructions VALUES('9ffb3ce46f69a55246291f7260e666dac4aae4db8527c40de90ea68cbc173723','{"Burn":{"Asset":{"object":"767","destination":"coin#wonderland#e70121037287D2200EE4CAF41A9EA2D4B33C9D4FA441FABF44CF09F5D441AB301A4EA64D@looking_glass"}}}');
INSERT INTO instructions VALUES('7356593b4412b97a74df38ce23b7f5fd9d597afed669cbfd12b52e3170f4555f','{"Mint":{"Asset":{"object":"50","destination":"coin#wonderland#e70121037287D2200EE4CAF41A9EA2D4B33C9D4FA441FABF44CF09F5D441AB301A4EA64D@looking_glass"}}}');
INSERT INTO instructions VALUES('1b0dc20afc3cba71e504d4988f5367f0549a0c423473e6af4f223f9ce5e8e5f1','{"Transfer":{"Asset":{"Numeric":{"source":"coin#wonderland#e70121037287D2200EE4CAF41A9EA2D4B33C9D4FA441FABF44CF09F5D441AB301A4EA64D@looking_glass","object":"749","destination":"ed0120B23E14F659B91736AAB980B6ADDCE4B1DB8A138AB0267E049C082A744471714E@wonderland"}}}}');
INSERT INTO instructions VALUES('62394d85cabbd01392b65778f2d6c29a442a72711211320d288642a63bccde21','{"Burn":{"Asset":{"object":"328","destination":"coin#wonderland#e70121037287D2200EE4CAF41A9EA2D4B33C9D4FA441FABF44CF09F5D441AB301A4EA64D@looking_glass"}}}');
INSERT INTO instructions VALUES('0df42325ac9acad15e568f0fb0064789321febbbd0b3eb2b020079737733784f','{"Transfer":{"Asset":{"Numeric":{"source":"coin#wonderland#e70121037287D2200EE4CAF41A9EA2D4B33C9D4FA441FABF44CF09F5D441AB301A4EA64D@looking_glass","object":"287","destination":"ed0120B23E14F659B91736AAB980B6ADDCE4B1DB8A138AB0267E049C082A744471714E@wonderland"}}}}');
INSERT INTO instructions VALUES('ce7e1abdb869e4ee4be1ea05e26e19302b2772426a4fe00f4f004406d466d5ab','{"Mint":{"Asset":{"object":"874","destination":"coin#wonderland#e70121037287D2200EE4CAF41A9EA2D4B33C9D4FA441FABF44CF09F5D441AB301A4EA64D@looking_glass"}}}');
INSERT INTO instructions VALUES('d06054735ab6ca37e66c0c67ceb487900135242be230af150040791f3e01ab29','{"Burn":{"Asset":{"object":"345","destination":"coin#wonderland#e70121037287D2200EE4CAF41A9EA2D4B33C9D4FA441FABF44CF09F5D441AB301A4EA64D@looking_glass"}}}');
INSERT INTO instructions VALUES('0dd5f6369661f7738c21c2ade28c7c8852b336f06c95243c30ce2d982ffc426b','{"Transfer":{"Asset":{"Numeric":{"source":"coin#wonderland#e70121037287D2200EE4CAF41A9EA2D4B33C9D4FA441FABF44CF09F5D441AB301A4EA64D@looking_glass","object":"171","destination":"ed0120B23E14F659B91736AAB980B6ADDCE4B1DB8A138AB0267E049C082A744471714E@wonderland"}}}}');
INSERT INTO instructions VALUES('4f497e6d733e3b6db060ac8cdc181fd3da0ec612ad276472718bde54662bbb55','{"Transfer":{"Asset":{"Numeric":{"source":"coin#wonderland#e70121037287D2200EE4CAF41A9EA2D4B33C9D4FA441FABF44CF09F5D441AB301A4EA64D@looking_glass","object":"733","destination":"ed0120B23E14F659B91736AAB980B6ADDCE4B1DB8A138AB0267E049C082A744471714E@wonderland"}}}}');
INSERT INTO instructions VALUES('bdedf2c17d9ca5c55092651e71e5ab9e0cae864874a9c948dff09535c96060a1','{"Mint":{"Asset":{"object":"110","destination":"coin#wonderland#e70121037287D2200EE4CAF41A9EA2D4B33C9D4FA441FABF44CF09F5D441AB301A4EA64D@looking_glass"}}}');
INSERT INTO instructions VALUES('71608ab9f702f382fbca67266f10c55793fecf3b39768780f660b7ff561a6b71','{"Transfer":{"Asset":{"Numeric":{"source":"coin#wonderland#e70121037287D2200EE4CAF41A9EA2D4B33C9D4FA441FABF44CF09F5D441AB301A4EA64D@looking_glass","object":"88","destination":"ed0120B23E14F659B91736AAB980B6ADDCE4B1DB8A138AB0267E049C082A744471714E@wonderland"}}}}');
INSERT INTO instructions VALUES('681d75a5cff10426b7d49602a1298deff077737235dfd259243de7a2671ef3ed','{"Transfer":{"Asset":{"Numeric":{"source":"coin#wonderland#e70121037287D2200EE4CAF41A9EA2D4B33C9D4FA441FABF44CF09F5D441AB301A4EA64D@looking_glass","object":"977","destination":"ed0120B23E14F659B91736AAB980B6ADDCE4B1DB8A138AB0267E049C082A744471714E@wonderland"}}}}');
INSERT INTO instructions VALUES('bfc9ac318f2db77ec72c9cfc36fe11bdffdf4f18d899c78f33edf0d155873f71','{"Burn":{"Asset":{"object":"126","destination":"coin#wonderland#e70121037287D2200EE4CAF41A9EA2D4B33C9D4FA441FABF44CF09F5D441AB301A4EA64D@looking_glass"}}}');
INSERT INTO instructions VALUES('fe9d8518344f2d0c1e05dd911f0a3614395c5bad78559e8751beae8fccfea97b','{"Transfer":{"Asset":{"Numeric":{"source":"coin#wonderland#e70121037287D2200EE4CAF41A9EA2D4B33C9D4FA441FABF44CF09F5D441AB301A4EA64D@looking_glass","object":"978","destination":"ed0120B23E14F659B91736AAB980B6ADDCE4B1DB8A138AB0267E049C082A744471714E@wonderland"}}}}');
INSERT INTO instructions VALUES('7f899fdd774b3a43c468f4868739b5265c28c74814adcb52df9279d12e5fd519','{"Burn":{"Asset":{"object":"36","destination":"coin#wonderland#e70121037287D2200EE4CAF41A9EA2D4B33C9D4FA441FABF44CF09F5D441AB301A4EA64D@looking_glass"}}}');
INSERT INTO instructions VALUES('fe7bd1d4cdd60531ad59692db5bdc86dc9caddd05de42ba48a8490b32fd4b177','{"Mint":{"Asset":{"object":"393","destination":"coin#wonderland#e70121037287D2200EE4CAF41A9EA2D4B33C9D4FA441FABF44CF09F5D441AB301A4EA64D@looking_glass"}}}');
INSERT INTO instructions VALUES('a782a156af0591367738e74776f16644cdbdfc6921f92fb0e08c118b8467e215','{"Burn":{"Asset":{"object":"58","destination":"coin#wonderland#e70121037287D2200EE4CAF41A9EA2D4B33C9D4FA441FABF44CF09F5D441AB301A4EA64D@looking_glass"}}}');
INSERT INTO instructions VALUES('22ce340db31d94ff3b259b8e6437544388017d3361ea28e09b7214410ca76733','{"Burn":{"Asset":{"object":"644","destination":"coin#wonderland#e70121037287D2200EE4CAF41A9EA2D4B33C9D4FA441FABF44CF09F5D441AB301A4EA64D@looking_glass"}}}');
INSERT INTO instructions VALUES('2fab82f603d13ffcb77d861f46d3a90675216adbab78c07559e55c3c8715adff','{"Mint":{"Asset":{"object":"994","destination":"coin#wonderland#e70121037287D2200EE4CAF41A9EA2D4B33C9D4FA441FABF44CF09F5D441AB301A4EA64D@looking_glass"}}}');
INSERT INTO instructions VALUES('16ae2790b3abb2fa823901646a276d6b9bed33d517b87f863f873acbd80ead15','{"Burn":{"Asset":{"object":"422","destination":"coin#wonderland#e70121037287D2200EE4CAF41A9EA2D4B33C9D4FA441FABF44CF09F5D441AB301A4EA64D@looking_glass"}}}');
INSERT INTO instructions VALUES('b0e730f1bb1138f924d81fd798fc8d1a2eac28d950f41eb67bc32184572a1397','{"Burn":{"Asset":{"object":"174","destination":"coin#wonderland#e70121037287D2200EE4CAF41A9EA2D4B33C9D4FA441FABF44CF09F5D441AB301A4EA64D@looking_glass"}}}');
INSERT INTO instructions VALUES('ee100951b6b9b897ef48839a0972a4785b73a3c0929728fe6908143664d1df47','{"Transfer":{"Asset":{"Numeric":{"source":"coin#wonderland#e70121037287D2200EE4CAF41A9EA2D4B33C9D4FA441FABF44CF09F5D441AB301A4EA64D@looking_glass","object":"798","destination":"ed0120B23E14F659B91736AAB980B6ADDCE4B1DB8A138AB0267E049C082A744471714E@wonderland"}}}}');
INSERT INTO instructions VALUES('2a3080b0338fb68cb8fe58a754de33dc3f651faaa89eaf7af3fcc9392a94e541','{"Burn":{"Asset":{"object":"919","destination":"coin#wonderland#e70121037287D2200EE4CAF41A9EA2D4B33C9D4FA441FABF44CF09F5D441AB301A4EA64D@looking_glass"}}}');
INSERT INTO instructions VALUES('5fdb484a36be75b16ecdb23812732888fa25db2156a3b50da847dfa50f1f55e1','{"Transfer":{"Asset":{"Numeric":{"source":"coin#wonderland#e70121037287D2200EE4CAF41A9EA2D4B33C9D4FA441FABF44CF09F5D441AB301A4EA64D@looking_glass","object":"242","destination":"ed0120B23E14F659B91736AAB980B6ADDCE4B1DB8A138AB0267E049C082A744471714E@wonderland"}}}}');
INSERT INTO instructions VALUES('95e34b509f13653bc412fb03cd943d1732675423839eab14ec6ce9526cd87555','{"Burn":{"Asset":{"object":"469","destination":"coin#wonderland#e70121037287D2200EE4CAF41A9EA2D4B33C9D4FA441FABF44CF09F5D441AB301A4EA64D@looking_glass"}}}');
INSERT INTO instructions VALUES('ce76069c57277ff60b32e000cf9175ac940a0034cb9b723826780dfc9cc2ece3','{"Mint":{"Asset":{"object":"796","destination":"coin#wonderland#e70121037287D2200EE4CAF41A9EA2D4B33C9D4FA441FABF44CF09F5D441AB301A4EA64D@looking_glass"}}}');
INSERT INTO instructions VALUES('c29041ed48876bae8937224ff8bb1aedb003ed8b75f4a893a89fb49183d41bf5','{"Mint":{"Asset":{"object":"711","destination":"coin#wonderland#e70121037287D2200EE4CAF41A9EA2D4B33C9D4FA441FABF44CF09F5D441AB301A4EA64D@looking_glass"}}}');
INSERT INTO instructions VALUES('be8c8f2c7a523c3564fafbf438ef05a8b55cf623a12a63e160b9bee58673a8fb','{"Burn":{"Asset":{"object":"653","destination":"coin#wonderland#e70121037287D2200EE4CAF41A9EA2D4B33C9D4FA441FABF44CF09F5D441AB301A4EA64D@looking_glass"}}}');
INSERT INTO instructions VALUES('dd1a0506a341a01c5153d17219d286b916a9f5ec87dfd7b52b7032e1681fe133','{"Burn":{"Asset":{"object":"598","destination":"coin#wonderland#e70121037287D2200EE4CAF41A9EA2D4B33C9D4FA441FABF44CF09F5D441AB301A4EA64D@looking_glass"}}}');
INSERT INTO instructions VALUES('bdc65cc59b2f249afb73f6c395cf9dc10225485f8e0479679d2bf5cc84a8c0e5','{"Mint":{"Asset":{"object":"915","destination":"coin#wonderland#e70121037287D2200EE4CAF41A9EA2D4B33C9D4FA441FABF44CF09F5D441AB301A4EA64D@looking_glass"}}}');
INSERT INTO instructions VALUES('f24b915c6838c6d6fc22257568cb48cc0a8c384996a5e17055ec13a32b4fe78d','{"Transfer":{"Asset":{"Numeric":{"source":"coin#wonderland#e70121037287D2200EE4CAF41A9EA2D4B33C9D4FA441FABF44CF09F5D441AB301A4EA64D@looking_glass","object":"918","destination":"ed0120B23E14F659B91736AAB980B6ADDCE4B1DB8A138AB0267E049C082A744471714E@wonderland"}}}}');
INSERT INTO instructions VALUES('84ab2de5976bba9935a367d4847cba3ac5e32573402d61fd38f031aa6a850c3b','{"Burn":{"Asset":{"object":"502","destination":"coin#wonderland#e70121037287D2200EE4CAF41A9EA2D4B33C9D4FA441FABF44CF09F5D441AB301A4EA64D@looking_glass"}}}');
INSERT INTO instructions VALUES('79cd76c36ccfb59bb58ef2dccb95699a3de7d6eb76fb9a9356f6d54003111d1d','{"Burn":{"Asset":{"object":"267","destination":"coin#wonderland#e70121037287D2200EE4CAF41A9EA2D4B33C9D4FA441FABF44CF09F5D441AB301A4EA64D@looking_glass"}}}');
INSERT INTO instructions VALUES('e7b01d8268570a7ed52287c71335ad025e866d6ece1f7b4a67cca0887fb2618d','{"Mint":{"Asset":{"object":"841","destination":"coin#wonderland#e70121037287D2200EE4CAF41A9EA2D4B33C9D4FA441FABF44CF09F5D441AB301A4EA64D@looking_glass"}}}');
INSERT INTO instructions VALUES('aec8ec931c9eacf9cf21727621eeb50e64de07c2ee67b5b0df6fefa59a2dd82f','{"Burn":{"Asset":{"object":"915","destination":"coin#wonderland#e70121037287D2200EE4CAF41A9EA2D4B33C9D4FA441FABF44CF09F5D441AB301A4EA64D@looking_glass"}}}');
INSERT INTO instructions VALUES('cd2765b32942ea2225a289496b8256646d48057932ddaf98081f272636866fa5','{"Mint":{"Asset":{"object":"848","destination":"coin#wonderland#e70121037287D2200EE4CAF41A9EA2D4B33C9D4FA441FABF44CF09F5D441AB301A4EA64D@looking_glass"}}}');
INSERT INTO instructions VALUES('bb855bc111b37218503f5218c2758a9d356104ef4c06195a59db7da523f48049','{"Transfer":{"Asset":{"Numeric":{"source":"coin#wonderland#e70121037287D2200EE4CAF41A9EA2D4B33C9D4FA441FABF44CF09F5D441AB301A4EA64D@looking_glass","object":"422","destination":"ed0120B23E14F659B91736AAB980B6ADDCE4B1DB8A138AB0267E049C082A744471714E@wonderland"}}}}');
INSERT INTO instructions VALUES('02c6e5d4904376df37a9e320b96d086bb51906d7b12d0239e163c74a160b33bf','{"Burn":{"Asset":{"object":"615","destination":"coin#wonderland#e70121037287D2200EE4CAF41A9EA2D4B33C9D4FA441FABF44CF09F5D441AB301A4EA64D@looking_glass"}}}');
INSERT INTO instructions VALUES('fb0f27d48ba0dc323313edee7636e70e6e0bcb4a5176c08fa3791c7c4d04ff7d','{"Mint":{"Asset":{"object":"65","destination":"coin#wonderland#e70121037287D2200EE4CAF41A9EA2D4B33C9D4FA441FABF44CF09F5D441AB301A4EA64D@looking_glass"}}}');
INSERT INTO instructions VALUES('49a54ea13731fc058cb4c3bcd4d92d71c55c148959b88d840189ee474e6c2ffb','{"Burn":{"Asset":{"object":"922","destination":"coin#wonderland#e70121037287D2200EE4CAF41A9EA2D4B33C9D4FA441FABF44CF09F5D441AB301A4EA64D@looking_glass"}}}');
INSERT INTO instructions VALUES('23d2aa9228393f7de23466c992df7dd53f0688ae5ac70a18bb55a0b74b785a81','{"Transfer":{"Asset":{"Numeric":{"source":"coin#wonderland#e70121037287D2200EE4CAF41A9EA2D4B33C9D4FA441FABF44CF09F5D441AB301A4EA64D@looking_glass","object":"402","destination":"ed0120B23E14F659B91736AAB980B6ADDCE4B1DB8A138AB0267E049C082A744471714E@wonderland"}}}}');
INSERT INTO instructions VALUES('61f01dea4185f19638fc75879b7841387c4c91ff21d74ab1240949bd547c1a47','{"Transfer":{"Asset":{"Numeric":{"source":"coin#wonderland#e70121037287D2200EE4CAF41A9EA2D4B33C9D4FA441FABF44CF09F5D441AB301A4EA64D@looking_glass","object":"629","destination":"ed0120B23E14F659B91736AAB980B6ADDCE4B1DB8A138AB0267E049C082A744471714E@wonderland"}}}}');
INSERT INTO instructions VALUES('f43ec7b8cde9cadc87383120f296811b6aeaf9f5096fc62dc4fb3d7658649aa3','{"Burn":{"Asset":{"object":"540","destination":"coin#wonderland#e70121037287D2200EE4CAF41A9EA2D4B33C9D4FA441FABF44CF09F5D441AB301A4EA64D@looking_glass"}}}');
INSERT INTO instructions VALUES('3468d47580d77fb66cc7099c9132f092d46f7d7bfd0ee784602b5e75bd1a3f0d','{"Mint":{"Asset":{"object":"307","destination":"coin#wonderland#e70121037287D2200EE4CAF41A9EA2D4B33C9D4FA441FABF44CF09F5D441AB301A4EA64D@looking_glass"}}}');
INSERT INTO instructions VALUES('a6e549ddc8a57f950b75afa3f587bf1c381588a4fc44a146f08494f528ab1f29','{"Mint":{"Asset":{"object":"54","destination":"coin#wonderland#e70121037287D2200EE4CAF41A9EA2D4B33C9D4FA441FABF44CF09F5D441AB301A4EA64D@looking_glass"}}}');
INSERT INTO instructions VALUES('ba3b258a3e75982ad323b7067339b684ac8818d7dd7ebfe515cc4b2b0a8d3763','{"Burn":{"Asset":{"object":"266","destination":"coin#wonderland#e70121037287D2200EE4CAF41A9EA2D4B33C9D4FA441FABF44CF09F5D441AB301A4EA64D@looking_glass"}}}');
INSERT INTO instructions VALUES('68aefee2cb0840ae6f046c15f99149c1c3dc84fa873e872238dfba93ef8f8445','{"Burn":{"Asset":{"object":"905","destination":"coin#wonderland#e70121037287D2200EE4CAF41A9EA2D4B33C9D4FA441FABF44CF09F5D441AB301A4EA64D@looking_glass"}}}');
INSERT INTO instructions VALUES('4d1ec38323610f970dd905c8926b0db4586db33a6250f3a291f995eccf5ec9fb','{"Mint":{"Asset":{"object":"79","destination":"coin#wonderland#e70121037287D2200EE4CAF41A9EA2D4B33C9D4FA441FABF44CF09F5D441AB301A4EA64D@looking_glass"}}}');
INSERT INTO instructions VALUES('7162fd49ac0a0af306bdc695d77225214cded178d683e3f07583f14fbdd3b5a9','{"Mint":{"Asset":{"object":"184","destination":"coin#wonderland#e70121037287D2200EE4CAF41A9EA2D4B33C9D4FA441FABF44CF09F5D441AB301A4EA64D@looking_glass"}}}');
INSERT INTO instructions VALUES('d946ce135dc6e3c631e5f87907bf4385fdbd9d4d56a5e908f44d45d233220dc5','{"Mint":{"Asset":{"object":"244","destination":"coin#wonderland#e70121037287D2200EE4CAF41A9EA2D4B33C9D4FA441FABF44CF09F5D441AB301A4EA64D@looking_glass"}}}');
INSERT INTO instructions VALUES('d9d86bbf549e5e3537a42fafe514c1b74ddfe98cc613c5e0bd4591f733b36c13','{"Transfer":{"Asset":{"Numeric":{"source":"coin#wonderland#e70121037287D2200EE4CAF41A9EA2D4B33C9D4FA441FABF44CF09F5D441AB301A4EA64D@looking_glass","object":"599","destination":"ed0120B23E14F659B91736AAB980B6ADDCE4B1DB8A138AB0267E049C082A744471714E@wonderland"}}}}');
INSERT INTO instructions VALUES('fc319b0ac68b88a2cdc3a4091b97a873edbac2590d239bff92aebc2b4094fd29','{"SetKeyValue":{"Domain":{"object":"wonderland","key":"rand-0.302665198750246","value":[0,1,2,0.302665198750246]}}}');
INSERT INTO instructions VALUES('b9816104f86f2a2e5357530094ab0dcbb63c2456942848b10c42754a690fd00d','{"SetKeyValue":{"Domain":{"object":"wonderland","key":"rand-0.20676934049629714","value":[0,1,2,0.2067693404962971]}}}');
INSERT INTO instructions VALUES('47c934d57ace2f5ce6bcad3c5519d894936697df2d3a3dc1911264b095547111','{"SetKeyValue":{"Domain":{"object":"wonderland","key":"rand-0.16819616916527247","value":[0,1,2,0.16819616916527247]}}}');
INSERT INTO instructions VALUES('4dab828c650456aa095ba0f02c1246cbc3f01a6d5e064dc760ef50e0595a2277','{"SetKeyValue":{"Domain":{"object":"wonderland","key":"rand-0.3964422026407102","value":[0,1,2,0.3964422026407102]}}}');
INSERT INTO instructions VALUES('fce3f89ff8555d66bb65d2f92cb1fe8b31a92f82d5584535d0cc3d0517379b05','{"SetKeyValue":{"Domain":{"object":"wonderland","key":"rand-0.04339914887107921","value":[0,1,2,0.04339914887107921]}}}');
INSERT INTO instructions VALUES('565bf0a18952d777babb20f67604e28f32d97305063d28e0a827e19eb8b68521','{"SetKeyValue":{"Domain":{"object":"wonderland","key":"rand-0.6872213683650643","value":[0,1,2,0.6872213683650643]}}}');
INSERT INTO instructions VALUES('5ded688cf69c182a7ada37ffd63beab2a50e2286dfdf79e27dee5f419cdc0b09','{"SetKeyValue":{"Domain":{"object":"wonderland","key":"rand-0.8157606199077243","value":[0,1,2,0.8157606199077243]}}}');
INSERT INTO instructions VALUES('2a4f3a645f650c448fb7c195508d0a65e8def0954323cececc360c322799454b','{"SetKeyValue":{"Domain":{"object":"wonderland","key":"rand-0.8287171031483009","value":[0,1,2,0.8287171031483009]}}}');
INSERT INTO instructions VALUES('5b9f790c83e8e78b12459594512e8e2c6cf67c94e45c7313197254311c6030a9','{"SetKeyValue":{"Domain":{"object":"wonderland","key":"rand-0.24248305017576732","value":[0,1,2,0.24248305017576732]}}}');
INSERT INTO instructions VALUES('c5cd58b5002de46af80387cff017281a484bdf1062dd392ec0c734ec33eab9cf','{"SetKeyValue":{"Domain":{"object":"wonderland","key":"rand-0.5787887083280621","value":[0,1,2,0.5787887083280621]}}}');
INSERT INTO instructions VALUES('8a019b372c02be7d6d99da39916e62a0ba5e7f7844911b8e15a4aa980223a82b','{"SetKeyValue":{"Domain":{"object":"wonderland","key":"rand-0.22435053204199984","value":[0,1,2,0.22435053204199984]}}}');
INSERT INTO instructions VALUES('8ac1e060ba9cc1a51b6830b9fc168edcee5882655c1d130c456583a96865ad33','{"SetKeyValue":{"Domain":{"object":"wonderland","key":"rand-0.7211200806902991","value":[0,1,2,0.7211200806902991]}}}');
INSERT INTO instructions VALUES('bc72c79f36ddf8bf410d043df3ff7d6de64545b5ec911f9e88e26ecc9371d86b','{"SetKeyValue":{"Domain":{"object":"wonderland","key":"rand-0.40475951433890023","value":[0,1,2,0.40475951433890023]}}}');
INSERT INTO instructions VALUES('f35f083cbe21d082f212a5258dd4b3a94b97e58bd3d0f8f86912514c1c162b8b','{"SetKeyValue":{"Domain":{"object":"wonderland","key":"rand-0.9878136796782111","value":[0,1,2,0.9878136796782112]}}}');
INSERT INTO instructions VALUES('b60204b2008c4d09b1855321a42486138bcb489d5962405b51f4e6f981c9d101','{"SetKeyValue":{"Domain":{"object":"wonderland","key":"rand-0.26111181990929344","value":[0,1,2,0.26111181990929344]}}}');
INSERT INTO instructions VALUES('de38aa52902fbc6f5f25107c0f0b068f6cc37eb5e605881387696da69e0b394b','{"SetKeyValue":{"Domain":{"object":"wonderland","key":"rand-0.3549676875300418","value":[0,1,2,0.3549676875300418]}}}');
INSERT INTO instructions VALUES('61a95c33aada60477f58e7d5e35d774357b59d84e09d0e977f912aa8354ffc15','{"SetKeyValue":{"Domain":{"object":"wonderland","key":"rand-0.19883415005478344","value":[0,1,2,0.19883415005478344]}}}');
INSERT INTO instructions VALUES('d0fc1b7f3d68b1efeb16d8dc6e0737cda639bce59388312610a2176ca64b7daf','{"SetKeyValue":{"Domain":{"object":"wonderland","key":"rand-0.009162167398916177","value":[0,1,2,0.009162167398916177]}}}');
INSERT INTO instructions VALUES('27014a59e7f966dafda59f41e18a2a7fb410e4811477cca09a6140d6db0aa7c9','{"SetKeyValue":{"Domain":{"object":"wonderland","key":"rand-0.5171967440035778","value":[0,1,2,0.5171967440035778]}}}');
INSERT INTO instructions VALUES('45ef980de7e83393308925b30a4d679ee9c71398474fba6affbe9affd665d6fd','{"SetKeyValue":{"Domain":{"object":"wonderland","key":"rand-0.27305621363426225","value":[0,1,2,0.27305621363426225]}}}');
INSERT INTO instructions VALUES('6ba1c7c16165c61b38f44778fd497ef7279a193fb6a66281286b40a1676854cf','{"SetKeyValue":{"Domain":{"object":"wonderland","key":"rand-0.43243784459884127","value":[0,1,2,0.43243784459884127]}}}');
INSERT INTO instructions VALUES('5dd7defefa7a8904d4dc715a416f6b267e13641855d68769baed8296bc9ad9e7','{"SetKeyValue":{"Domain":{"object":"wonderland","key":"rand-0.11308556750697063","value":[0,1,2,0.11308556750697064]}}}');
INSERT INTO instructions VALUES('231ae18f5c222eec8b8ffe82c67b28d920fcfd869e77c2cc8956126e4bc91ed9','{"SetKeyValue":{"Domain":{"object":"wonderland","key":"rand-0.14892351115726488","value":[0,1,2,0.14892351115726488]}}}');
INSERT INTO instructions VALUES('7e1325adfd8de5bc26a82c45fc7bf1cefb9e1e8d759b823e10362cc1e14fafe7','{"SetKeyValue":{"Domain":{"object":"wonderland","key":"rand-0.58978088319587","value":[0,1,2,0.58978088319587]}}}');
INSERT INTO instructions VALUES('59175a9a90bdf8cfea6d0cdf425f2822cf16687f9100d357336824c965b8695f','{"SetKeyValue":{"Domain":{"object":"wonderland","key":"rand-0.04457981325314209","value":[0,1,2,0.04457981325314209]}}}');
INSERT INTO instructions VALUES('4758d061fcda0e50a3dabd1423e7e597d76a6e1f4697ea187178b0ea63618133','{"Register":{"Domain":{"id":"looking_glass","logo":null,"metadata":{"foo":{"bar":false}}}}}');
INSERT INTO instructions VALUES('4758d061fcda0e50a3dabd1423e7e597d76a6e1f4697ea187178b0ea63618133','{"Register":{"AssetDefinition":{"id":"roses#wonderland","type":"Numeric","mintable":"Once","logo":null,"metadata":{}}}}');
INSERT INTO instructions VALUES('4758d061fcda0e50a3dabd1423e7e597d76a6e1f4697ea187178b0ea63618133','{"Register":{"AssetDefinition":{"id":"roses#looking_glass","type":"Store","mintable":"Infinitely","logo":null,"metadata":{}}}}');
INSERT INTO instructions VALUES('4758d061fcda0e50a3dabd1423e7e597d76a6e1f4697ea187178b0ea63618133','{"Register":{"Account":{"id":"e70121037287D2200EE4CAF41A9EA2D4B33C9D4FA441FABF44CF09F5D441AB301A4EA64D@looking_glass","metadata":{"key_pair_alg":"secp256k1","key_pair_seed_hex":"deadbeef"}}}}');
INSERT INTO instructions VALUES('4758d061fcda0e50a3dabd1423e7e597d76a6e1f4697ea187178b0ea63618133','{"Mint":{"Asset":{"object":"100500","destination":"roses#wonderland#e70121037287D2200EE4CAF41A9EA2D4B33C9D4FA441FABF44CF09F5D441AB301A4EA64D@looking_glass"}}}');
INSERT INTO instructions VALUES('eea4c4ee072cf48647fb2e9d6a46d7fbc74def5ec780371b325912d001ed0765','{"SetParameter":{"Sumeragi":{"BlockTimeMs":3000}}}');
INSERT INTO instructions VALUES('eea4c4ee072cf48647fb2e9d6a46d7fbc74def5ec780371b325912d001ed0765','{"SetParameter":{"Sumeragi":{"CommitTimeMs":6000}}}');
INSERT INTO instructions VALUES('573c60bee2b609b3723b1ea8aeeb496978707825b520e419e88d823cacf64ccf','{"Upgrade":"[TOO BIG]"}');
INSERT INTO instructions VALUES('d6efcf9c8be01ee4333d26f420d487f271fc2c724254b762145e5916a6a458b3','{"Register":{"Peer":{"address":"127.0.0.1:1337","public_key":"ed01204164BF554923ECE1FD412D241036D863A6AE430476C898248B8237D77534CFC4"}}}');
INSERT INTO instructions VALUES('63f5f0345c37992eca21e6be3e07da02327b829954c560a18915a125fdc17919','{"Register":{"Domain":{"id":"wonderland","logo":null,"metadata":{}}}}');
INSERT INTO instructions VALUES('63f5f0345c37992eca21e6be3e07da02327b829954c560a18915a125fdc17919','{"Register":{"Account":{"id":"ed0120B23E14F659B91736AAB980B6ADDCE4B1DB8A138AB0267E049C082A744471714E@wonderland","metadata":{}}}}');
INSERT INTO instructions VALUES('63f5f0345c37992eca21e6be3e07da02327b829954c560a18915a125fdc17919','{"Transfer":{"Domain":{"source":"ed01204164BF554923ECE1FD412D241036D863A6AE430476C898248B8237D77534CFC4@genesis","object":"wonderland","destination":"ed0120B23E14F659B91736AAB980B6ADDCE4B1DB8A138AB0267E049C082A744471714E@wonderland"}}}');
INSERT INTO instructions VALUES('63f5f0345c37992eca21e6be3e07da02327b829954c560a18915a125fdc17919','{"SetParameter":{"Sumeragi":{"BlockTimeMs":0}}}');
INSERT INTO instructions VALUES('63f5f0345c37992eca21e6be3e07da02327b829954c560a18915a125fdc17919','{"SetParameter":{"Sumeragi":{"CommitTimeMs":0}}}');
INSERT INTO instructions VALUES('63f5f0345c37992eca21e6be3e07da02327b829954c560a18915a125fdc17919','{"Grant":{"Permission":{"object":{"name":"CanSetParameters","payload":null},"destination":"ed0120B23E14F659B91736AAB980B6ADDCE4B1DB8A138AB0267E049C082A744471714E@wonderland"}}}');
COMMIT;
